azimuth,elevation,port 1_bits,port 2_bits,port 3_bits,port 4_bits,port 5_bits,port 6_bits,port 7_bits,port 8_bits,port 9_bits,port 10_bits,port 11_bits,port 12_bits,port 13_bits,port 14_bits,port 15_bits,port 16_bits,port 17_bits,port 18_bits,port 19_bits,port 20_bits,port 21_bits,port 22_bits,port 23_bits,port 24_bits,port 25_bits
-50,-50,'100101,'110111,'101100,'011110,'000011,'001100,'011110,'111101,'100000,'110010,'101110,'011101,'000000,'010010,'110001,'111111,'100010,'010001,'001011,'011000,'000010,'010001,'110011,'101000,'111010
-50,-45,'010101,'101111,'100010,'001001,'000111,'110100,'111110,'010011,'011000,'100110,'100110,'101101,'000000,'110010,'111001,'010111,'011100,'100001,'101011,'000100,'000100,'001110,'111101,'110000,'011010
-50,-40,'110101,'000000,'101010,'010101,'111111,'110100,'000001,'101011,'010100,'111110,'011010,'110101,'000000,'101010,'010101,'011011,'110100,'000001,'101011,'010100,'100000,'011010,'110101,'000000,'101010
-50,-35,'001101,'110000,'010110,'000011,'111000,'110100,'010001,'000111,'111100,'101001,'110010,'100101,'000000,'111010,'101101,'100011,'000100,'011110,'101011,'001100,'100111,'000010,'011001,'101111,'001010
-50,-30,'111101,'111000,'111110,'011011,'011100,'110100,'110001,'110111,'110010,'110101,'000010,'000101,'000000,'000110,'000011,'101101,'101000,'101110,'101011,'001100,'010011,'010100,'100001,'100111,'100010
-50,-25,'010011,'110100,'001001,'101111,'011010,'001100,'101001,'011111,'111010,'000011,'011100,'111001,'000000,'100110,'010011,'100101,'010000,'110110,'001011,'101100,'010101,'110000,'001110,'101011,'011100
-50,-20,'101011,'111100,'100101,'110000,'101110,'011100,'000101,'010000,'110110,'101011,'001100,'011001,'000000,'010110,'001011,'101001,'011111,'000110,'010011,'001100,'110001,'101111,'111010,'100011,'110100
-50,-15,'100111,'001010,'111101,'100100,'001001,'111100,'010101,'101000,'111110,'010111,'110100,'101001,'000000,'110110,'101011,'100001,'110111,'011010,'100011,'110100,'001110,'111011,'100010,'001101,'111000
-50,-10,'011111,'100110,'001011,'000010,'110101,'100010,'101101,'000100,'110001,'011111,'010100,'101001,'000000,'110110,'011011,'101110,'000111,'110010,'111101,'010100,'101010,'000011,'001100,'111001,'010000
-50,-5,'110000,'111110,'010111,'011010,'100011,'001010,'111101,'110100,'011001,'010000,'100100,'101001,'000000,'110110,'111011,'010110,'101011,'100010,'001101,'000100,'111100,'010101,'011000,'100001,'101111
-50,0,'100100,'001001,'000000,'001110,'111011,'111010,'010011,'011100,'100101,'101000,'100100,'001001,'000000,'001110,'111011,'111010,'010011,'011100,'100101,'101000,'100100,'001001,'000000,'001110,'111011
-50,5,'111100,'010101,'011000,'100001,'101111,'010110,'101011,'100010,'001101,'000100,'100100,'101001,'000000,'110110,'111011,'001010,'111101,'110100,'011001,'010000,'110000,'111110,'010111,'011010,'100011
-50,10,'101010,'000011,'001100,'111001,'010000,'101110,'000111,'110010,'111101,'010100,'010100,'101001,'000000,'110110,'011011,'100010,'101101,'000100,'110001,'011111,'011111,'100110,'001011,'000010,'110101
-50,15,'001110,'111011,'100010,'001101,'111000,'100001,'110111,'011010,'100011,'110100,'110100,'101001,'000000,'110110,'101011,'111100,'010101,'101000,'111110,'010111,'100111,'001010,'111101,'100100,'001001
-50,20,'110001,'101111,'111010,'100011,'110100,'101001,'011111,'000110,'010011,'001100,'001100,'011001,'000000,'010110,'001011,'011100,'000101,'010000,'110110,'101011,'101011,'111100,'100101,'110000,'101110
-50,25,'010101,'110000,'001110,'101011,'011100,'100101,'010000,'110110,'001011,'101100,'011100,'111001,'000000,'100110,'010011,'001100,'101001,'011111,'111010,'000011,'010011,'110100,'001001,'101111,'011010
-50,30,'010011,'010100,'100001,'100111,'100010,'101101,'101000,'101110,'101011,'001100,'000010,'000101,'000000,'000110,'000011,'110100,'110001,'110111,'110010,'110101,'111101,'111000,'111110,'011011,'011100
-50,35,'100111,'000010,'011001,'101111,'001010,'100011,'000100,'011110,'101011,'001100,'110010,'100101,'000000,'111010,'101101,'110100,'010001,'000111,'111100,'101001,'001101,'110000,'010110,'000011,'111000
-50,40,'100000,'011010,'110101,'000000,'101010,'011011,'110100,'000001,'101011,'010100,'011010,'110101,'000000,'101010,'010101,'110100,'000001,'101011,'010100,'111110,'110101,'000000,'101010,'010101,'111111
-50,45,'000100,'001110,'111101,'110000,'011010,'010111,'011100,'100001,'101011,'000100,'100110,'101101,'000000,'110010,'111001,'110100,'111110,'010011,'011000,'100110,'010101,'101111,'100010,'001001,'000111
-50,50,'000010,'010001,'110011,'101000,'111010,'111111,'100010,'010001,'001011,'011000,'101110,'011101,'000000,'010010,'110001,'001100,'011110,'111101,'100000,'110010,'100101,'110111,'101100,'011110,'000011
-45,-50,'001101,'001111,'101100,'101110,'101101,'011100,'011110,'111101,'111111,'111100,'111110,'000011,'000000,'000010,'100001,'100000,'100010,'010001,'010011,'110000,'110010,'110001,'110011,'001000,'001010
-45,-45,'101101,'111111,'100010,'110001,'101011,'101100,'111110,'100011,'110000,'101010,'001110,'011101,'000000,'010010,'001001,'101111,'111100,'100001,'110011,'101000,'110100,'101110,'111101,'100000,'110010
-45,-40,'011101,'100000,'101010,'000101,'001111,'101100,'100001,'001011,'000100,'110110,'100110,'101101,'000000,'110010,'111001,'000111,'001100,'111110,'110011,'011000,'001000,'000110,'110101,'111111,'010010
-45,-35,'000011,'101000,'010110,'011101,'110000,'011100,'010001,'111011,'001100,'100001,'011010,'110101,'000000,'101010,'010101,'001011,'100100,'011110,'010011,'111000,'101111,'010010,'011001,'110111,'000010
-45,-30,'010011,'100100,'111110,'101011,'110100,'011100,'001001,'010111,'000010,'011001,'001010,'010101,'000000,'011010,'001101,'000011,'011000,'001110,'010011,'000100,'101011,'110100,'100001,'111011,'011100
-45,-25,'011011,'101100,'001001,'110111,'010010,'111100,'011001,'101111,'001010,'110101,'010010,'100101,'000000,'111010,'011101,'001101,'110000,'010110,'100011,'000100,'011101,'101000,'001110,'110011,'010100
-45,-20,'100111,'100010,'100101,'100000,'100110,'100010,'100101,'100000,'000110,'000011,'000010,'000101,'000000,'000110,'000011,'000101,'111111,'111010,'111101,'111000,'111001,'111111,'111010,'111101,'111000
-45,-15,'011111,'011010,'111101,'111000,'000001,'010010,'110101,'001000,'001110,'101011,'111100,'111001,'000000,'100110,'100011,'001001,'001111,'101010,'011101,'011000,'000001,'100111,'100010,'010101,'010000
-45,-10,'010000,'110110,'001011,'101100,'011001,'101010,'011101,'111000,'000001,'100111,'011100,'111001,'000000,'100110,'010011,'000001,'100111,'010010,'110101,'001000,'010110,'110011,'001100,'101001,'011111
-45,-5,'111000,'100001,'010111,'001010,'101101,'111010,'000011,'010100,'110001,'001111,'101100,'111001,'000000,'100110,'110011,'101110,'011011,'000010,'100101,'010000,'110010,'001101,'011000,'111110,'100111
-45,0,'101100,'111001,'000000,'100110,'110011,'010110,'110011,'101100,'011001,'000000,'101100,'111001,'000000,'100110,'110011,'010110,'110011,'101100,'011001,'000000,'101100,'111001,'000000,'100110,'110011
-45,5,'110010,'001101,'011000,'111110,'100111,'101110,'011011,'000010,'100101,'010000,'101100,'111001,'000000,'100110,'110011,'111010,'000011,'010100,'110001,'001111,'111000,'100001,'010111,'001010,'101101
-45,10,'010110,'110011,'001100,'101001,'011111,'000001,'100111,'010010,'110101,'001000,'011100,'111001,'000000,'100110,'010011,'101010,'011101,'111000,'000001,'100111,'010000,'110110,'001011,'101100,'011001
-45,15,'000001,'100111,'100010,'010101,'010000,'001001,'001111,'101010,'011101,'011000,'111100,'111001,'000000,'100110,'100011,'010010,'110101,'001000,'001110,'101011,'011111,'011010,'111101,'111000,'000001
-45,20,'111001,'111111,'111010,'111101,'111000,'000101,'111111,'111010,'111101,'111000,'000010,'000101,'000000,'000110,'000011,'100010,'100101,'100000,'000110,'000011,'100111,'100010,'100101,'100000,'100110
-45,25,'011101,'101000,'001110,'110011,'010100,'001101,'110000,'010110,'100011,'000100,'010010,'100101,'000000,'111010,'011101,'111100,'011001,'101111,'001010,'110101,'011011,'101100,'001001,'110111,'010010
-45,30,'101011,'110100,'100001,'111011,'011100,'000011,'011000,'001110,'010011,'000100,'001010,'010101,'000000,'011010,'001101,'011100,'001001,'010111,'000010,'011001,'010011,'100100,'111110,'101011,'110100
-45,35,'101111,'010010,'011001,'110111,'000010,'001011,'100100,'011110,'010011,'111000,'011010,'110101,'000000,'101010,'010101,'011100,'010001,'111011,'001100,'100001,'000011,'101000,'010110,'011101,'110000
-45,40,'001000,'000110,'110101,'111111,'010010,'000111,'001100,'111110,'110011,'011000,'100110,'101101,'000000,'110010,'111001,'101100,'100001,'001011,'000100,'110110,'011101,'100000,'101010,'000101,'001111
-45,45,'110100,'101110,'111101,'100000,'110010,'101111,'111100,'100001,'110011,'101000,'001110,'011101,'000000,'010010,'001001,'101100,'111110,'100011,'110000,'101010,'101101,'111111,'100010,'110001,'101011
-45,50,'110010,'110001,'110011,'001000,'001010,'100000,'100010,'010001,'010011,'110000,'111110,'000011,'000000,'000010,'100001,'011100,'011110,'111101,'111111,'111100,'001101,'001111,'101100,'101110,'101101
-40,-50,'111101,'011111,'101100,'001110,'010101,'000010,'111110,'011101,'101111,'001100,'010001,'100011,'000000,'111100,'011110,'110000,'010010,'100001,'000011,'111111,'011010,'001001,'110011,'010000,'100010
-40,-45,'000011,'000000,'100010,'100001,'100011,'000010,'000001,'100011,'100000,'100010,'111110,'000011,'000000,'000010,'100001,'111111,'111100,'000001,'000011,'100000,'111100,'111110,'111101,'000000,'000010
-40,-40,'010011,'110000,'101010,'111001,'000111,'000010,'010001,'110011,'101000,'111010,'101110,'011101,'000000,'010010,'110001,'110111,'101100,'011110,'000011,'010000,'000100,'100110,'110101,'101111,'011100
-40,-35,'001011,'111000,'010110,'101101,'111111,'000010,'110001,'011011,'100100,'001110,'010110,'101101,'000000,'110010,'011001,'111011,'010100,'101110,'000011,'110000,'100000,'110010,'011001,'100111,'001100
-40,-30,'011011,'110100,'111110,'110011,'111000,'100010,'101001,'100111,'101100,'100001,'000110,'001101,'000000,'001010,'000101,'110011,'111000,'110110,'111101,'110000,'100111,'101100,'100001,'101011,'010100
-40,-25,'010111,'111100,'001001,'100111,'011100,'010010,'111001,'001111,'100010,'011001,'011010,'110101,'000000,'101010,'010101,'111101,'001000,'100110,'011101,'110000,'010011,'111000,'001110,'100011,'011000
-40,-20,'011111,'110010,'100101,'111111,'101010,'001010,'010101,'111111,'101010,'110101,'101010,'010101,'000000,'011010,'110101,'110101,'100000,'011010,'001101,'010000,'110101,'100000,'111010,'101101,'010000
-40,-15,'010000,'000110,'111101,'101000,'110110,'011010,'001101,'110000,'100110,'111101,'110010,'010101,'000000,'011010,'101101,'111001,'101111,'001010,'010101,'100000,'101001,'110111,'100010,'000101,'011111
-40,-10,'111000,'011110,'001011,'110100,'010001,'000110,'111101,'011000,'001110,'110011,'010010,'100101,'000000,'111010,'011101,'001001,'010111,'100010,'000101,'111111,'011110,'101011,'001100,'010001,'100111
-40,-5,'001100,'110001,'010111,'100010,'000101,'110110,'010011,'100100,'000001,'111011,'010010,'100101,'000000,'111010,'011101,'000001,'111011,'011100,'101001,'101111,'000110,'111101,'011000,'101110,'001011
-40,0,'010010,'100101,'000000,'111010,'011101,'101110,'001011,'001100,'110001,'010111,'010010,'100101,'000000,'111010,'011101,'101110,'001011,'001100,'110001,'010111,'010010,'100101,'000000,'111010,'011101
-40,5,'000110,'111101,'011000,'101110,'001011,'000001,'111011,'011100,'101001,'101111,'010010,'100101,'000000,'111010,'011101,'110110,'010011,'100100,'000001,'111011,'001100,'110001,'010111,'100010,'000101
-40,10,'011110,'101011,'001100,'010001,'100111,'001001,'010111,'100010,'000101,'111111,'010010,'100101,'000000,'111010,'011101,'000110,'111101,'011000,'001110,'110011,'111000,'011110,'001011,'110100,'010001
-40,15,'101001,'110111,'100010,'000101,'011111,'111001,'101111,'001010,'010101,'100000,'110010,'010101,'000000,'011010,'101101,'011010,'001101,'110000,'100110,'111101,'010000,'000110,'111101,'101000,'110110
-40,20,'110101,'100000,'111010,'101101,'010000,'110101,'100000,'011010,'001101,'010000,'101010,'010101,'000000,'011010,'110101,'001010,'010101,'111111,'101010,'110101,'011111,'110010,'100101,'111111,'101010
-40,25,'010011,'111000,'001110,'100011,'011000,'111101,'001000,'100110,'011101,'110000,'011010,'110101,'000000,'101010,'010101,'010010,'111001,'001111,'100010,'011001,'010111,'111100,'001001,'100111,'011100
-40,30,'100111,'101100,'100001,'101011,'010100,'110011,'111000,'110110,'111101,'110000,'000110,'001101,'000000,'001010,'000101,'100010,'101001,'100111,'101100,'100001,'011011,'110100,'111110,'110011,'111000
-40,35,'100000,'110010,'011001,'100111,'001100,'111011,'010100,'101110,'000011,'110000,'010110,'101101,'000000,'110010,'011001,'000010,'110001,'011011,'100100,'001110,'001011,'111000,'010110,'101101,'111111
-40,40,'000100,'100110,'110101,'101111,'011100,'110111,'101100,'011110,'000011,'010000,'101110,'011101,'000000,'010010,'110001,'000010,'010001,'110011,'101000,'111010,'010011,'110000,'101010,'111001,'000111
-40,45,'111100,'111110,'111101,'000000,'000010,'111111,'111100,'000001,'000011,'100000,'111110,'000011,'000000,'000010,'100001,'000010,'000001,'100011,'100000,'100010,'000011,'000000,'100010,'100001,'100011
-40,50,'011010,'001001,'110011,'010000,'100010,'110000,'010010,'100001,'000011,'111111,'010001,'100011,'000000,'111100,'011110,'000010,'111110,'011101,'101111,'001100,'111101,'011111,'101100,'001110,'010101
-35,-50,'010011,'111111,'101100,'010110,'111001,'010010,'000001,'101101,'010111,'000100,'101001,'110011,'000000,'101100,'110110,'011000,'110010,'000001,'011101,'110111,'100110,'011001,'110011,'100000,'011100
-35,-45,'110011,'010000,'100010,'111110,'011101,'010010,'100001,'000011,'011111,'101100,'110001,'100011,'000000,'111100,'101110,'010000,'000010,'111110,'011101,'001111,'010010,'100001,'111101,'011111,'101100
-35,-40,'101011,'101000,'101010,'101001,'101011,'110010,'110001,'010011,'010000,'010010,'000001,'000011,'000000,'000010,'000001,'011111,'011100,'101110,'101101,'101111,'110100,'110110,'110101,'110111,'110100
-35,-35,'000111,'100100,'010110,'110101,'110111,'110010,'001001,'101011,'011000,'111010,'011110,'111101,'000000,'100010,'010001,'010111,'110100,'001110,'101101,'101111,'101000,'101010,'011001,'111011,'000100
-35,-30,'110111,'101100,'111110,'000011,'010000,'001010,'011001,'000111,'010100,'001110,'001110,'011101,'000000,'010010,'001001,'011011,'000100,'010110,'001101,'101111,'011111,'000010,'100001,'110011,'101000
-35,-25,'011111,'100010,'001001,'011011,'100100,'011010,'100101,'110111,'011100,'100001,'110110,'101101,'000000,'110010,'101001,'010011,'101000,'111010,'010101,'101111,'111011,'010100,'001110,'111101,'010000
-35,-20,'010000,'011010,'100101,'101111,'000010,'111010,'110101,'011111,'010010,'101001,'100110,'101101,'000000,'110010,'111001,'011101,'010000,'101010,'100101,'001111,'000011,'110000,'111010,'010101,'011111
-35,-15,'111000,'110110,'111101,'110000,'111010,'100110,'101101,'100000,'101010,'100101,'000110,'001101,'000000,'001010,'000101,'110101,'111111,'110010,'111001,'010111,'100101,'101111,'100010,'101001,'100111
-35,-10,'001100,'000001,'001011,'100100,'101110,'001110,'000011,'001000,'100110,'101101,'111010,'001101,'000000,'001010,'100101,'111001,'001111,'000010,'001001,'100111,'110001,'111011,'001100,'000001,'001011
-35,-5,'100010,'011001,'010111,'111100,'110001,'011110,'110011,'111000,'001110,'000011,'111010,'110101,'000000,'101010,'100101,'001001,'100111,'101100,'010001,'011011,'101110,'100011,'011000,'010110,'111101
-35,0,'111010,'110101,'000000,'101010,'100101,'100001,'011011,'010100,'111110,'001011,'111010,'110101,'000000,'101010,'100101,'100001,'011011,'010100,'111110,'001011,'111010,'110101,'000000,'101010,'100101
-35,5,'101110,'100011,'011000,'010110,'111101,'001001,'100111,'101100,'010001,'011011,'111010,'110101,'000000,'101010,'100101,'011110,'110011,'111000,'001110,'000011,'100010,'011001,'010111,'111100,'110001
-35,10,'110001,'111011,'001100,'000001,'001011,'111001,'001111,'000010,'001001,'100111,'111010,'001101,'000000,'001010,'100101,'001110,'000011,'001000,'100110,'101101,'001100,'000001,'001011,'100100,'101110
-35,15,'100101,'101111,'100010,'101001,'100111,'110101,'111111,'110010,'111001,'010111,'000110,'001101,'000000,'001010,'000101,'100110,'101101,'100000,'101010,'100101,'111000,'110110,'111101,'110000,'111010
-35,20,'000011,'110000,'111010,'010101,'011111,'011101,'010000,'101010,'100101,'001111,'100110,'101101,'000000,'110010,'111001,'111010,'110101,'011111,'010010,'101001,'010000,'011010,'100101,'101111,'000010
-35,25,'111011,'010100,'001110,'111101,'010000,'010011,'101000,'111010,'010101,'101111,'110110,'101101,'000000,'110010,'101001,'011010,'100101,'110111,'011100,'100001,'011111,'100010,'001001,'011011,'100100
-35,30,'011111,'000010,'100001,'110011,'101000,'011011,'000100,'010110,'001101,'101111,'001110,'011101,'000000,'010010,'001001,'001010,'011001,'000111,'010100,'001110,'110111,'101100,'111110,'000011,'010000
-35,35,'101000,'101010,'011001,'111011,'000100,'010111,'110100,'001110,'101101,'101111,'011110,'111101,'000000,'100010,'010001,'110010,'001001,'101011,'011000,'111010,'000111,'100100,'010110,'110101,'110111
-35,40,'110100,'110110,'110101,'110111,'110100,'011111,'011100,'101110,'101101,'101111,'000001,'000011,'000000,'000010,'000001,'110010,'110001,'010011,'010000,'010010,'101011,'101000,'101010,'101001,'101011
-35,45,'010010,'100001,'111101,'011111,'101100,'010000,'000010,'111110,'011101,'001111,'110001,'100011,'000000,'111100,'101110,'010010,'100001,'000011,'011111,'101100,'110011,'010000,'100010,'111110,'011101
-35,50,'100110,'011001,'110011,'100000,'011100,'011000,'110010,'000001,'011101,'110111,'101001,'110011,'000000,'101100,'110110,'010010,'000001,'101101,'010111,'000100,'010011,'111111,'101100,'010110,'111001
-30,-50,'011011,'100000,'101100,'000110,'001001,'101010,'100001,'001101,'000111,'110000,'100101,'001011,'000000,'001100,'111010,'000100,'001010,'111110,'110101,'111011,'001110,'000101,'110011,'111111,'010100
-30,-45,'111011,'001000,'100010,'101110,'010101,'101010,'010001,'111101,'110111,'000100,'111001,'110011,'000000,'101100,'100110,'101000,'100010,'011110,'110101,'111011,'011010,'110001,'111101,'001111,'100100
-30,-40,'100111,'111000,'101010,'110001,'100011,'011010,'001001,'100011,'111111,'101100,'001001,'010011,'000000,'011100,'001110,'100000,'111100,'001110,'010101,'000111,'111100,'101110,'110101,'100111,'111000
-30,-35,'001111,'110100,'010110,'000101,'111011,'111010,'101001,'001011,'110000,'010010,'110001,'100011,'000000,'111100,'101110,'101111,'001100,'110110,'100101,'000111,'100100,'000110,'011001,'101011,'001000
-30,-30,'111111,'111100,'111110,'011101,'011111,'000110,'111001,'111011,'111000,'011010,'100001,'000011,'000000,'000010,'111110,'100111,'100100,'100110,'000101,'000111,'010000,'010010,'100001,'100011,'100000
-30,-25,'110000,'110010,'001001,'001011,'001000,'100110,'010101,'010111,'010100,'110110,'111110,'000011,'000000,'000010,'100001,'011011,'011000,'011010,'111001,'111011,'001111,'001100,'001110,'101101,'101111
-30,-20,'111000,'000110,'100101,'010111,'110100,'110110,'001101,'101111,'011100,'111110,'011110,'111101,'000000,'100010,'010001,'010011,'110000,'001010,'101001,'011011,'101011,'011000,'111010,'000101,'100111
-30,-15,'001100,'101110,'111101,'000000,'100010,'101110,'111101,'000000,'100010,'110001,'101110,'111101,'000000,'100010,'110001,'111101,'000000,'100010,'110001,'001011,'111101,'000000,'100010,'110001,'001011
-30,-10,'100010,'110001,'001011,'011000,'000110,'000001,'100011,'110000,'101010,'011001,'101110,'011101,'000000,'010010,'110001,'110101,'101111,'111100,'000001,'010011,'000101,'010111,'001100,'101110,'111101
-30,-5,'011010,'000101,'010111,'001100,'011110,'010001,'001011,'011000,'000110,'010101,'001110,'011101,'000000,'010010,'001001,'000101,'010111,'001100,'011110,'000011,'010001,'001011,'011000,'000110,'010101
-30,0,'001110,'011101,'000000,'010010,'001001,'101001,'111011,'100100,'110110,'101101,'001110,'011101,'000000,'010010,'001001,'101001,'111011,'100100,'110110,'101101,'001110,'011101,'000000,'010010,'001001
-30,5,'010001,'001011,'011000,'000110,'010101,'000101,'010111,'001100,'011110,'000011,'001110,'011101,'000000,'010010,'001001,'010001,'001011,'011000,'000110,'010101,'011010,'000101,'010111,'001100,'011110
-30,10,'000101,'010111,'001100,'101110,'111101,'110101,'101111,'111100,'000001,'010011,'101110,'011101,'000000,'010010,'110001,'000001,'100011,'110000,'101010,'011001,'100010,'110001,'001011,'011000,'000110
-30,15,'111101,'000000,'100010,'110001,'001011,'111101,'000000,'100010,'110001,'001011,'101110,'111101,'000000,'100010,'110001,'101110,'111101,'000000,'100010,'110001,'001100,'101110,'111101,'000000,'100010
-30,20,'101011,'011000,'111010,'000101,'100111,'010011,'110000,'001010,'101001,'011011,'011110,'111101,'000000,'100010,'010001,'110110,'001101,'101111,'011100,'111110,'111000,'000110,'100101,'010111,'110100
-30,25,'001111,'001100,'001110,'101101,'101111,'011011,'011000,'011010,'111001,'111011,'111110,'000011,'000000,'000010,'100001,'100110,'010101,'010111,'010100,'110110,'110000,'110010,'001001,'001011,'001000
-30,30,'010000,'010010,'100001,'100011,'100000,'100111,'100100,'100110,'000101,'000111,'100001,'000011,'000000,'000010,'111110,'000110,'111001,'111011,'111000,'011010,'111111,'111100,'111110,'011101,'011111
-30,35,'100100,'000110,'011001,'101011,'001000,'101111,'001100,'110110,'100101,'000111,'110001,'100011,'000000,'111100,'101110,'111010,'101001,'001011,'110000,'010010,'001111,'110100,'010110,'000101,'111011
-30,40,'111100,'101110,'110101,'100111,'111000,'100000,'111100,'001110,'010101,'000111,'001001,'010011,'000000,'011100,'001110,'011010,'001001,'100011,'111111,'101100,'100111,'111000,'101010,'110001,'100011
-30,45,'011010,'110001,'111101,'001111,'100100,'101000,'100010,'011110,'110101,'111011,'111001,'110011,'000000,'101100,'100110,'101010,'010001,'111101,'110111,'000100,'111011,'001000,'100010,'101110,'010101
-30,50,'001110,'000101,'110011,'111111,'010100,'000100,'001010,'111110,'110101,'111011,'100101,'001011,'000000,'001100,'111010,'101010,'100001,'001101,'000111,'110000,'011011,'100000,'101100,'000110,'001001
-25,-50,'100111,'110000,'101100,'111010,'000001,'000110,'100001,'110101,'101011,'111111,'001101,'011011,'000000,'010100,'001010,'110100,'101010,'111110,'000101,'010011,'000001,'100101,'110011,'101111,'111000
-25,-45,'110111,'011000,'100010,'110110,'011001,'000110,'110001,'011101,'000111,'110000,'010101,'101011,'000000,'110100,'011010,'000100,'010010,'101110,'000101,'110011,'010110,'101001,'111101,'010111,'101000
-25,-40,'011111,'100100,'101010,'100001,'001101,'100110,'101001,'000011,'001111,'000100,'100101,'001011,'000000,'001100,'111010,'001000,'000010,'110110,'111001,'110011,'001010,'111110,'110101,'111011,'010000
-25,-35,'100000,'101100,'010110,'011001,'110011,'010110,'111001,'110011,'111111,'001100,'111001,'001011,'000000,'001100,'100110,'100000,'101100,'100110,'011001,'010011,'101100,'010110,'011001,'110011,'111111
-25,-30,'001000,'100010,'111110,'001101,'100111,'001110,'100101,'011011,'110000,'000010,'011001,'110011,'000000,'101100,'010110,'101111,'010100,'111010,'001001,'010011,'111000,'001010,'100001,'111101,'001111
-25,-25,'000100,'011010,'001001,'100011,'111111,'101110,'110101,'100111,'111000,'001010,'001001,'010011,'000000,'011100,'001110,'100111,'111000,'101010,'110001,'100011,'100000,'111100,'001110,'010101,'000111
-25,-20,'101100,'110110,'100101,'111011,'011000,'111110,'101101,'001111,'010100,'000110,'110001,'010011,'000000,'011100,'101110,'011011,'001000,'110010,'100001,'111101,'010111,'100100,'111010,'101001,'110011
-25,-15,'100010,'000001,'111101,'101111,'001100,'100001,'000011,'111111,'101100,'001110,'110001,'100011,'000000,'111100,'101110,'110011,'100000,'000010,'111110,'101101,'001011,'110000,'100010,'000001,'111101
-25,-10,'011010,'101001,'001011,'110000,'010010,'001001,'110011,'010000,'100010,'000001,'010001,'100011,'000000,'111100,'011110,'111101,'011111,'101100,'001110,'110101,'011101,'101111,'001100,'110110,'010101
-25,-5,'001110,'110101,'010111,'100100,'000110,'011001,'011011,'101000,'001010,'110001,'010001,'100011,'000000,'111100,'011110,'001101,'110111,'010100,'010110,'100101,'000101,'111011,'011000,'101010,'001001
-25,0,'010001,'100011,'000000,'111100,'011110,'100101,'000111,'000100,'111010,'011001,'010001,'100011,'000000,'111100,'011110,'100101,'000111,'000100,'111010,'011001,'010001,'100011,'000000,'111100,'011110
-25,5,'000101,'111011,'011000,'101010,'001001,'001101,'110111,'010100,'010110,'100101,'010001,'100011,'000000,'111100,'011110,'011001,'011011,'101000,'001010,'110001,'001110,'110101,'010111,'100100,'000110
-25,10,'011101,'101111,'001100,'110110,'010101,'111101,'011111,'101100,'001110,'110101,'010001,'100011,'000000,'111100,'011110,'001001,'110011,'010000,'100010,'000001,'011010,'101001,'001011,'110000,'010010
-25,15,'001011,'110000,'100010,'000001,'111101,'110011,'100000,'000010,'111110,'101101,'110001,'100011,'000000,'111100,'101110,'100001,'000011,'111111,'101100,'001110,'100010,'000001,'111101,'101111,'001100
-25,20,'010111,'100100,'111010,'101001,'110011,'011011,'001000,'110010,'100001,'111101,'110001,'010011,'000000,'011100,'101110,'111110,'101101,'001111,'010100,'000110,'101100,'110110,'100101,'111011,'011000
-25,25,'100000,'111100,'001110,'010101,'000111,'100111,'111000,'101010,'110001,'100011,'001001,'010011,'000000,'011100,'001110,'101110,'110101,'100111,'111000,'001010,'000100,'011010,'001001,'100011,'111111
-25,30,'111000,'001010,'100001,'111101,'001111,'101111,'010100,'111010,'001001,'010011,'011001,'110011,'000000,'101100,'010110,'001110,'100101,'011011,'110000,'000010,'001000,'100010,'111110,'001101,'100111
-25,35,'101100,'010110,'011001,'110011,'111111,'100000,'101100,'100110,'011001,'010011,'111001,'001011,'000000,'001100,'100110,'010110,'111001,'110011,'111111,'001100,'100000,'101100,'010110,'011001,'110011
-25,40,'001010,'111110,'110101,'111011,'010000,'001000,'000010,'110110,'111001,'110011,'100101,'001011,'000000,'001100,'111010,'100110,'101001,'000011,'001111,'000100,'011111,'100100,'101010,'100001,'001101
-25,45,'010110,'101001,'111101,'010111,'101000,'000100,'010010,'101110,'000101,'110011,'010101,'101011,'000000,'110100,'011010,'000110,'110001,'011101,'000111,'110000,'110111,'011000,'100010,'110110,'011001
-25,50,'000001,'100101,'110011,'101111,'111000,'110100,'101010,'111110,'000101,'010011,'001101,'011011,'000000,'010100,'001010,'000110,'100001,'110101,'101011,'111111,'100111,'110000,'101100,'111010,'000001
-20,-50,'101111,'101000,'101100,'101010,'101110,'110110,'010001,'010101,'010011,'010111,'000011,'000111,'000000,'000100,'000010,'011100,'011010,'011110,'101001,'101101,'110001,'110101,'110011,'110111,'110000
-20,-45,'111111,'000100,'100010,'100110,'010001,'110110,'001001,'101101,'101011,'011111,'111101,'111011,'000000,'100100,'100010,'110100,'110010,'001110,'101001,'101101,'011110,'111001,'111101,'000111,'100000
-20,-40,'010000,'001100,'101010,'011110,'000101,'001110,'011001,'111101,'100111,'010000,'101101,'111011,'000000,'100100,'110010,'111000,'100010,'010110,'001001,'101101,'000110,'010001,'110101,'001011,'011111
-20,-35,'101000,'000010,'010110,'001001,'011101,'011110,'000101,'010011,'001111,'011000,'001101,'011011,'000000,'010100,'001010,'001000,'011100,'000110,'010001,'001101,'010010,'001110,'011001,'000011,'110111
-20,-30,'100100,'001010,'111110,'100101,'001011,'111110,'010101,'101011,'111111,'010100,'110101,'101011,'000000,'110100,'101010,'100000,'110100,'011010,'100001,'110101,'001100,'111010,'100001,'001101,'111011
-20,-25,'101100,'100110,'001001,'111101,'010111,'100001,'001101,'111011,'110000,'011100,'010101,'101011,'000000,'110100,'011010,'101111,'100100,'001010,'111110,'010101,'011000,'100010,'001110,'111001,'110011
-20,-20,'010010,'011110,'100101,'101011,'000000,'110001,'111101,'010111,'011000,'100010,'100101,'001011,'000000,'001100,'111010,'010111,'011000,'100010,'101110,'000101,'000000,'110100,'111010,'010001,'011101
-20,-15,'111010,'110001,'111101,'110111,'011000,'011001,'100011,'101111,'100100,'101010,'000101,'001011,'000000,'001100,'000110,'111011,'110000,'111100,'010110,'011001,'010111,'101000,'100010,'101110,'100101
-20,-10,'001110,'000101,'001011,'000000,'101100,'000101,'001011,'000000,'001100,'000110,'000101,'001011,'000000,'001100,'000110,'001011,'000000,'001100,'000110,'001001,'110011,'000000,'001100,'000110,'001001
-20,-5,'010001,'011101,'010111,'011000,'110010,'110101,'111011,'110000,'111100,'001110,'111001,'001011,'000000,'001100,'100110,'100011,'101111,'100100,'101010,'010001,'101101,'010111,'011000,'010010,'011110
-20,0,'111001,'001011,'000000,'001100,'100110,'011101,'010111,'011000,'010010,'111110,'111001,'001011,'000000,'001100,'100110,'011101,'010111,'011000,'010010,'111110,'111001,'001011,'000000,'001100,'100110
-20,5,'101101,'010111,'011000,'010010,'011110,'100011,'101111,'100100,'101010,'010001,'111001,'001011,'000000,'001100,'100110,'110101,'111011,'110000,'111100,'001110,'010001,'011101,'010111,'011000,'110010
-20,10,'110011,'000000,'001100,'000110,'001001,'001011,'000000,'001100,'000110,'001001,'000101,'001011,'000000,'001100,'000110,'000101,'001011,'000000,'001100,'000110,'001110,'000101,'001011,'000000,'101100
-20,15,'010111,'101000,'100010,'101110,'100101,'111011,'110000,'111100,'010110,'011001,'000101,'001011,'000000,'001100,'000110,'011001,'100011,'101111,'100100,'101010,'111010,'110001,'111101,'110111,'011000
-20,20,'000000,'110100,'111010,'010001,'011101,'010111,'011000,'100010,'101110,'000101,'100101,'001011,'000000,'001100,'111010,'110001,'111101,'010111,'011000,'100010,'010010,'011110,'100101,'101011,'000000
-20,25,'011000,'100010,'001110,'111001,'110011,'101111,'100100,'001010,'111110,'010101,'010101,'101011,'000000,'110100,'011010,'100001,'001101,'111011,'110000,'011100,'101100,'100110,'001001,'111101,'010111
-20,30,'001100,'111010,'100001,'001101,'111011,'100000,'110100,'011010,'100001,'110101,'110101,'101011,'000000,'110100,'101010,'111110,'010101,'101011,'111111,'010100,'100100,'001010,'111110,'100101,'001011
-20,35,'010010,'001110,'011001,'000011,'110111,'001000,'011100,'000110,'010001,'001101,'001101,'011011,'000000,'010100,'001010,'011110,'000101,'010011,'001111,'011000,'101000,'000010,'010110,'001001,'011101
-20,40,'000110,'010001,'110101,'001011,'011111,'111000,'100010,'010110,'001001,'101101,'101101,'111011,'000000,'100100,'110010,'001110,'011001,'111101,'100111,'010000,'010000,'001100,'101010,'011110,'000101
-20,45,'011110,'111001,'111101,'000111,'100000,'110100,'110010,'001110,'101001,'101101,'111101,'111011,'000000,'100100,'100010,'110110,'001001,'101101,'101011,'011111,'111111,'000100,'100010,'100110,'010001
-20,50,'110001,'110101,'110011,'110111,'110000,'011100,'011010,'011110,'101001,'101101,'000011,'000111,'000000,'000100,'000010,'110110,'010001,'010101,'010011,'010111,'101111,'101000,'101100,'101010,'101110
-15,-50,'100000,'111000,'101100,'110010,'100110,'101110,'110001,'100101,'111101,'101011,'001011,'010111,'000000,'011000,'001100,'100010,'111010,'101110,'110001,'100101,'111001,'101101,'110011,'100111,'111111
-15,-45,'001000,'010100,'100010,'111010,'011110,'011110,'101001,'001101,'010011,'100111,'110011,'100111,'000000,'111000,'101100,'011100,'001010,'110110,'010001,'000101,'010001,'100101,'111101,'011011,'001111
-15,-40,'111000,'011100,'101010,'001110,'110001,'000001,'111001,'011101,'101011,'001111,'010011,'100111,'000000,'111000,'011100,'110100,'010010,'100110,'000001,'111001,'101110,'001001,'110101,'010011,'100111
-15,-35,'010100,'010010,'010110,'100001,'100101,'100001,'100101,'100011,'000111,'000000,'100011,'000111,'000000,'000100,'111100,'000100,'111100,'111010,'111110,'011001,'111010,'111110,'011001,'011101,'011011
-15,-30,'011100,'011010,'111110,'111001,'111101,'110001,'110101,'110011,'110111,'110000,'000011,'000111,'000000,'000100,'000010,'101000,'101100,'101010,'101110,'101001,'100010,'100110,'100001,'010101,'010011
-15,-25,'110010,'110110,'001001,'001101,'101011,'101001,'011101,'011011,'111111,'111000,'111101,'000111,'000000,'000100,'100010,'100000,'010100,'010010,'110110,'110001,'110100,'001010,'001110,'101001,'101101
-15,-20,'000110,'000001,'100101,'010011,'110111,'111001,'000011,'100111,'010000,'010100,'111101,'111011,'000000,'100100,'100010,'011111,'111000,'000010,'100110,'100001,'101000,'011100,'111010,'000001,'000101
-15,-15,'101110,'011001,'111101,'000111,'100000,'010101,'110011,'001111,'101000,'011100,'011101,'111011,'000000,'100100,'010010,'110111,'001000,'101100,'011010,'111110,'111111,'000100,'100010,'010110,'110001
-15,-10,'010001,'110101,'001011,'011111,'111000,'001101,'011011,'111111,'000100,'100010,'011101,'111011,'000000,'100100,'010010,'000111,'100000,'010100,'001010,'101110,'100111,'010000,'001100,'101010,'011110
-15,-5,'000101,'100011,'010111,'110000,'101100,'111101,'000111,'010000,'110100,'001010,'101101,'111011,'000000,'100100,'110010,'101011,'011111,'000100,'100010,'010110,'110011,'101111,'011000,'111100,'000110
-15,0,'101101,'111011,'000000,'100100,'110010,'010011,'110111,'101000,'011100,'111010,'101101,'111011,'000000,'100100,'110010,'010011,'110111,'101000,'011100,'111010,'101101,'111011,'000000,'100100,'110010
-15,5,'110011,'101111,'011000,'111100,'000110,'101011,'011111,'000100,'100010,'010110,'101101,'111011,'000000,'100100,'110010,'111101,'000111,'010000,'110100,'001010,'000101,'100011,'010111,'110000,'101100
-15,10,'100111,'010000,'001100,'101010,'011110,'000111,'100000,'010100,'001010,'101110,'011101,'111011,'000000,'100100,'010010,'001101,'011011,'111111,'000100,'100010,'010001,'110101,'001011,'011111,'111000
-15,15,'111111,'000100,'100010,'010110,'110001,'110111,'001000,'101100,'011010,'111110,'011101,'111011,'000000,'100100,'010010,'010101,'110011,'001111,'101000,'011100,'101110,'011001,'111101,'000111,'100000
-15,20,'101000,'011100,'111010,'000001,'000101,'011111,'111000,'000010,'100110,'100001,'111101,'111011,'000000,'100100,'100010,'111001,'000011,'100111,'010000,'010100,'000110,'000001,'100101,'010011,'110111
-15,25,'110100,'001010,'001110,'101001,'101101,'100000,'010100,'010010,'110110,'110001,'111101,'000111,'000000,'000100,'100010,'101001,'011101,'011011,'111111,'111000,'110010,'110110,'001001,'001101,'101011
-15,30,'100010,'100110,'100001,'010101,'010011,'101000,'101100,'101010,'101110,'101001,'000011,'000111,'000000,'000100,'000010,'110001,'110101,'110011,'110111,'110000,'011100,'011010,'111110,'111001,'111101
-15,35,'111010,'111110,'011001,'011101,'011011,'000100,'111100,'111010,'111110,'011001,'100011,'000111,'000000,'000100,'111100,'100001,'100101,'100011,'000111,'000000,'010100,'010010,'010110,'100001,'100101
-15,40,'101110,'001001,'110101,'010011,'100111,'110100,'010010,'100110,'000001,'111001,'010011,'100111,'000000,'111000,'011100,'000001,'111001,'011101,'101011,'001111,'111000,'011100,'101010,'001110,'110001
-15,45,'010001,'100101,'111101,'011011,'001111,'011100,'001010,'110110,'010001,'000101,'110011,'100111,'000000,'111000,'101100,'011110,'101001,'001101,'010011,'100111,'001000,'010100,'100010,'111010,'011110
-15,50,'111001,'101101,'110011,'100111,'111111,'100010,'111010,'101110,'110001,'100101,'001011,'010111,'000000,'011000,'001100,'101110,'110001,'100101,'111101,'101011,'100000,'111000,'101100,'110010,'100110
-10,-50,'101000,'100100,'101100,'100010,'101010,'000001,'001001,'000101,'001101,'000011,'000111,'001111,'000000,'001000,'000100,'001010,'000110,'001110,'000001,'001001,'110101,'111101,'110011,'111011,'110111
-10,-45,'000100,'001100,'100010,'101010,'010110,'010001,'011001,'110101,'111101,'110011,'111011,'001111,'000000,'001000,'100100,'100010,'101010,'010110,'011110,'110001,'011001,'110101,'111101,'001011,'000111
-10,-40,'110100,'000010,'101010,'010110,'111110,'110001,'000101,'101101,'010011,'011011,'011011,'110111,'000000,'101000,'010100,'011100,'110010,'000110,'101110,'100001,'100001,'011001,'110101,'000011,'101011
-10,-35,'111100,'001010,'010110,'111110,'001001,'101001,'010101,'111101,'001011,'010111,'011011,'110111,'000000,'101000,'010100,'001100,'100010,'011010,'110110,'000001,'001110,'100001,'011001,'001101,'100011
-10,-30,'001010,'100110,'111110,'001001,'100101,'111001,'101101,'010011,'111011,'101111,'101011,'110111,'000000,'101000,'110100,'100100,'011100,'110010,'100110,'011110,'111010,'001110,'100001,'111001,'001101
-10,-25,'000110,'011110,'001001,'100101,'111101,'100101,'111101,'101011,'010111,'000000,'101011,'010111,'000000,'011000,'110100,'011000,'110100,'100010,'111010,'001110,'100010,'111010,'001110,'010001,'000101
-10,-20,'101110,'110001,'100101,'111101,'101011,'001101,'010011,'111011,'101111,'110000,'001011,'010111,'000000,'011000,'001100,'110000,'100100,'011100,'001010,'010110,'110100,'100010,'111010,'101110,'110001
-10,-15,'110001,'100101,'111101,'101011,'110111,'011101,'001011,'010111,'000000,'011000,'001011,'010111,'000000,'011000,'001100,'000000,'011000,'001100,'010010,'000110,'101000,'110100,'100010,'111010,'101110
-10,-10,'000101,'011101,'001011,'110111,'100000,'100011,'111011,'101111,'110000,'010100,'001011,'010111,'000000,'011000,'001100,'101111,'110000,'100100,'111100,'101010,'111111,'101000,'001100,'010010,'000110
-10,-5,'011101,'001011,'010111,'000000,'111000,'001011,'010111,'000000,'011000,'101100,'001011,'010111,'000000,'011000,'001100,'010111,'000000,'011000,'001100,'010010,'100111,'000000,'011000,'001100,'010010
-10,0,'001011,'010111,'000000,'011000,'001100,'111011,'101111,'110000,'100100,'000010,'001011,'010111,'000000,'011000,'001100,'111011,'101111,'110000,'100100,'000010,'001011,'010111,'000000,'011000,'001100
-10,5,'100111,'000000,'011000,'001100,'010010,'010111,'000000,'011000,'001100,'010010,'001011,'010111,'000000,'011000,'001100,'001011,'010111,'000000,'011000,'101100,'011101,'001011,'010111,'000000,'111000
-10,10,'111111,'101000,'001100,'010010,'000110,'101111,'110000,'100100,'111100,'101010,'001011,'010111,'000000,'011000,'001100,'100011,'111011,'101111,'110000,'010100,'000101,'011101,'001011,'110111,'100000
-10,15,'101000,'110100,'100010,'111010,'101110,'000000,'011000,'001100,'010010,'000110,'001011,'010111,'000000,'011000,'001100,'011101,'001011,'010111,'000000,'011000,'110001,'100101,'111101,'101011,'110111
-10,20,'110100,'100010,'111010,'101110,'110001,'110000,'100100,'011100,'001010,'010110,'001011,'010111,'000000,'011000,'001100,'001101,'010011,'111011,'101111,'110000,'101110,'110001,'100101,'111101,'101011
-10,25,'100010,'111010,'001110,'010001,'000101,'011000,'110100,'100010,'111010,'001110,'101011,'010111,'000000,'011000,'110100,'100101,'111101,'101011,'010111,'000000,'000110,'011110,'001001,'100101,'111101
-10,30,'111010,'001110,'100001,'111001,'001101,'100100,'011100,'110010,'100110,'011110,'101011,'110111,'000000,'101000,'110100,'111001,'101101,'010011,'111011,'101111,'001010,'100110,'111110,'001001,'100101
-10,35,'001110,'100001,'011001,'001101,'100011,'001100,'100010,'011010,'110110,'000001,'011011,'110111,'000000,'101000,'010100,'101001,'010101,'111101,'001011,'010111,'111100,'001010,'010110,'111110,'001001
-10,40,'100001,'011001,'110101,'000011,'101011,'011100,'110010,'000110,'101110,'100001,'011011,'110111,'000000,'101000,'010100,'110001,'000101,'101101,'010011,'011011,'110100,'000010,'101010,'010110,'111110
-10,45,'011001,'110101,'111101,'001011,'000111,'100010,'101010,'010110,'011110,'110001,'111011,'001111,'000000,'001000,'100100,'010001,'011001,'110101,'111101,'110011,'000100,'001100,'100010,'101010,'010110
-10,50,'110101,'111101,'110011,'111011,'110111,'001010,'000110,'001110,'000001,'001001,'000111,'001111,'000000,'001000,'000100,'000001,'001001,'000101,'001101,'000011,'101000,'100100,'101100,'100010,'101010
-5,-50,'100100,'110100,'101100,'111100,'100010,'110001,'101001,'111001,'100101,'110101,'001111,'011111,'000000,'010000,'001000,'111010,'100110,'110110,'101110,'111110,'111101,'100011,'110011,'101011,'111011
-5,-45,'001100,'011100,'100010,'110010,'101010,'101001,'111001,'100101,'001101,'011101,'001111,'011111,'000000,'010000,'001000,'001010,'111010,'100110,'110110,'101110,'110101,'101101,'111101,'010011,'001011
-5,-40,'000010,'110010,'101010,'111010,'010110,'111001,'100101,'001101,'011101,'000011,'110111,'011111,'000000,'010000,'101000,'010010,'001010,'111010,'100110,'001110,'011001,'100101,'110101,'101101,'000011
-5,-35,'001010,'111010,'010110,'001110,'111110,'100101,'001101,'011101,'100011,'110011,'110111,'101111,'000000,'110000,'101000,'111100,'010010,'001010,'111010,'010110,'100001,'001001,'011001,'100101,'001101
-5,-30,'100110,'001110,'111110,'100001,'001001,'110101,'011101,'100011,'110011,'011011,'110111,'101111,'000000,'110000,'101000,'101100,'111100,'010010,'101010,'000110,'001110,'111110,'100001,'001001,'111001
-5,-25,'011110,'100001,'001001,'111001,'100101,'011101,'000011,'110011,'011011,'100111,'010111,'101111,'000000,'110000,'011000,'010100,'101100,'000010,'010010,'101010,'111010,'100110,'001110,'111110,'010001
-5,-20,'110001,'011001,'100101,'001101,'111101,'000011,'110011,'011011,'100111,'001111,'010111,'101111,'000000,'110000,'011000,'111000,'010100,'101100,'000010,'110010,'100010,'001010,'111010,'010110,'101110
-5,-15,'100101,'001101,'111101,'010011,'101011,'110011,'011011,'100111,'001111,'111111,'010111,'101111,'000000,'110000,'011000,'001000,'111000,'010100,'101100,'000010,'110100,'011100,'100010,'001010,'111010
-5,-10,'011101,'100011,'001011,'111011,'110111,'011011,'100111,'001111,'111111,'010000,'010111,'101111,'000000,'110000,'011000,'100000,'001000,'111000,'010100,'011100,'101000,'100100,'001100,'111100,'010010
-5,-5,'001011,'111011,'010111,'101111,'000000,'000111,'001111,'111111,'010000,'101000,'010111,'101111,'000000,'110000,'011000,'011111,'100000,'001000,'000100,'110100,'000000,'110000,'011000,'100100,'001100
-5,0,'010111,'101111,'000000,'110000,'011000,'110111,'011111,'010000,'101000,'000100,'010111,'101111,'000000,'110000,'011000,'110111,'011111,'010000,'101000,'000100,'010111,'101111,'000000,'110000,'011000
-5,5,'000000,'110000,'011000,'100100,'001100,'011111,'100000,'001000,'000100,'110100,'010111,'101111,'000000,'110000,'011000,'000111,'001111,'111111,'010000,'101000,'001011,'111011,'010111,'101111,'000000
-5,10,'101000,'100100,'001100,'111100,'010010,'100000,'001000,'111000,'010100,'011100,'010111,'101111,'000000,'110000,'011000,'011011,'100111,'001111,'111111,'010000,'011101,'100011,'001011,'111011,'110111
-5,15,'110100,'011100,'100010,'001010,'111010,'001000,'111000,'010100,'101100,'000010,'010111,'101111,'000000,'110000,'011000,'110011,'011011,'100111,'001111,'111111,'100101,'001101,'111101,'010011,'101011
-5,20,'100010,'001010,'111010,'010110,'101110,'111000,'010100,'101100,'000010,'110010,'010111,'101111,'000000,'110000,'011000,'000011,'110011,'011011,'100111,'001111,'110001,'011001,'100101,'001101,'111101
-5,25,'111010,'100110,'001110,'111110,'010001,'010100,'101100,'000010,'010010,'101010,'010111,'101111,'000000,'110000,'011000,'011101,'000011,'110011,'011011,'100111,'011110,'100001,'001001,'111001,'100101
-5,30,'001110,'111110,'100001,'001001,'111001,'101100,'111100,'010010,'101010,'000110,'110111,'101111,'000000,'110000,'101000,'110101,'011101,'100011,'110011,'011011,'100110,'001110,'111110,'100001,'001001
-5,35,'100001,'001001,'011001,'100101,'001101,'111100,'010010,'001010,'111010,'010110,'110111,'101111,'000000,'110000,'101000,'100101,'001101,'011101,'100011,'110011,'001010,'111010,'010110,'001110,'111110
-5,40,'011001,'100101,'110101,'101101,'000011,'010010,'001010,'111010,'100110,'001110,'110111,'011111,'000000,'010000,'101000,'111001,'100101,'001101,'011101,'000011,'000010,'110010,'101010,'111010,'010110
-5,45,'110101,'101101,'111101,'010011,'001011,'001010,'111010,'100110,'110110,'101110,'001111,'011111,'000000,'010000,'001000,'101001,'111001,'100101,'001101,'011101,'001100,'011100,'100010,'110010,'101010
-5,50,'111101,'100011,'110011,'101011,'111011,'111010,'100110,'110110,'101110,'111110,'001111,'011111,'000000,'010000,'001000,'110001,'101001,'111001,'100101,'110101,'100100,'110100,'101100,'111100,'100010
0,-50,'101100,'101100,'101100,'101100,'101100,'011001,'011001,'011001,'011001,'011001,'000000,'000000,'000000,'000000,'000000,'010110,'010110,'010110,'010110,'010110,'110011,'110011,'110011,'110011,'110011
0,-45,'100010,'100010,'100010,'100010,'100010,'000101,'000101,'000101,'000101,'000101,'000000,'000000,'000000,'000000,'000000,'000110,'000110,'000110,'000110,'000110,'111101,'111101,'111101,'111101,'111101
0,-40,'101010,'101010,'101010,'101010,'101010,'010101,'010101,'010101,'010101,'010101,'000000,'000000,'000000,'000000,'000000,'011010,'011010,'011010,'011010,'011010,'110101,'110101,'110101,'110101,'110101
0,-35,'010110,'010110,'010110,'010110,'010110,'101101,'101101,'101101,'101101,'101101,'000000,'000000,'000000,'000000,'000000,'110010,'110010,'110010,'110010,'110010,'011001,'011001,'011001,'011001,'011001
0,-30,'111110,'111110,'111110,'111110,'111110,'111101,'111101,'111101,'111101,'111101,'000000,'000000,'000000,'000000,'000000,'100010,'100010,'100010,'100010,'100010,'100001,'100001,'100001,'100001,'100001
0,-25,'001001,'001001,'001001,'001001,'001001,'010011,'010011,'010011,'010011,'010011,'000000,'000000,'000000,'000000,'000000,'011100,'011100,'011100,'011100,'011100,'001110,'001110,'001110,'001110,'001110
0,-20,'100101,'100101,'100101,'100101,'100101,'101011,'101011,'101011,'101011,'101011,'000000,'000000,'000000,'000000,'000000,'110100,'110100,'110100,'110100,'110100,'111010,'111010,'111010,'111010,'111010
0,-15,'111101,'111101,'111101,'111101,'111101,'111011,'111011,'111011,'111011,'111011,'000000,'000000,'000000,'000000,'000000,'100100,'100100,'100100,'100100,'100100,'100010,'100010,'100010,'100010,'100010
0,-10,'001011,'001011,'001011,'001011,'001011,'010111,'010111,'010111,'010111,'010111,'000000,'000000,'000000,'000000,'000000,'011000,'011000,'011000,'011000,'011000,'001100,'001100,'001100,'001100,'001100
0,-5,'010111,'010111,'010111,'010111,'010111,'101111,'101111,'101111,'101111,'101111,'000000,'000000,'000000,'000000,'000000,'110000,'110000,'110000,'110000,'110000,'011000,'011000,'011000,'011000,'011000
0,0,'010111,'010111,'010111,'010111,'010111,'101111,'101111,'101111,'101111,'101111,'000000,'000000,'000000,'000000,'000000,'110000,'110000,'110000,'110000,'110000,'011000,'011000,'011000,'011000,'011000
0,5,'011000,'011000,'011000,'011000,'011000,'110000,'110000,'110000,'110000,'110000,'000000,'000000,'000000,'000000,'000000,'101111,'101111,'101111,'101111,'101111,'010111,'010111,'010111,'010111,'010111
0,10,'001100,'001100,'001100,'001100,'001100,'011000,'011000,'011000,'011000,'011000,'000000,'000000,'000000,'000000,'000000,'010111,'010111,'010111,'010111,'010111,'001011,'001011,'001011,'001011,'001011
0,15,'100010,'100010,'100010,'100010,'100010,'100100,'100100,'100100,'100100,'100100,'000000,'000000,'000000,'000000,'000000,'111011,'111011,'111011,'111011,'111011,'111101,'111101,'111101,'111101,'111101
0,20,'111010,'111010,'111010,'111010,'111010,'110100,'110100,'110100,'110100,'110100,'000000,'000000,'000000,'000000,'000000,'101011,'101011,'101011,'101011,'101011,'100101,'100101,'100101,'100101,'100101
0,25,'001110,'001110,'001110,'001110,'001110,'011100,'011100,'011100,'011100,'011100,'000000,'000000,'000000,'000000,'000000,'010011,'010011,'010011,'010011,'010011,'001001,'001001,'001001,'001001,'001001
0,30,'100001,'100001,'100001,'100001,'100001,'100010,'100010,'100010,'100010,'100010,'000000,'000000,'000000,'000000,'000000,'111101,'111101,'111101,'111101,'111101,'111110,'111110,'111110,'111110,'111110
0,35,'011001,'011001,'011001,'011001,'011001,'110010,'110010,'110010,'110010,'110010,'000000,'000000,'000000,'000000,'000000,'101101,'101101,'101101,'101101,'101101,'010110,'010110,'010110,'010110,'010110
0,40,'110101,'110101,'110101,'110101,'110101,'011010,'011010,'011010,'011010,'011010,'000000,'000000,'000000,'000000,'000000,'010101,'010101,'010101,'010101,'010101,'101010,'101010,'101010,'101010,'101010
0,45,'111101,'111101,'111101,'111101,'111101,'000110,'000110,'000110,'000110,'000110,'000000,'000000,'000000,'000000,'000000,'000101,'000101,'000101,'000101,'000101,'100010,'100010,'100010,'100010,'100010
0,50,'110011,'110011,'110011,'110011,'110011,'010110,'010110,'010110,'010110,'010110,'000000,'000000,'000000,'000000,'000000,'011001,'011001,'011001,'011001,'011001,'101100,'101100,'101100,'101100,'101100
5,-50,'100010,'111100,'101100,'110100,'100100,'100101,'111001,'101001,'110001,'100001,'001000,'010000,'000000,'011111,'001111,'101110,'110110,'100110,'111010,'101010,'111011,'101011,'110011,'100011,'111101
5,-45,'101010,'110010,'100010,'011100,'001100,'001101,'100101,'111001,'101001,'110001,'001000,'010000,'000000,'011111,'001111,'110110,'100110,'111010,'001010,'010010,'001011,'010011,'111101,'101101,'110101
5,-40,'010110,'111010,'101010,'110010,'000010,'011101,'001101,'100101,'111001,'001001,'101000,'010000,'000000,'011111,'110111,'100110,'111010,'001010,'010010,'000010,'000011,'101101,'110101,'100101,'011001
5,-35,'111110,'001110,'010110,'111010,'001010,'100011,'011101,'001101,'100101,'011001,'101000,'110000,'000000,'101111,'110111,'111010,'001010,'010010,'111100,'101100,'001101,'100101,'011001,'001001,'100001
5,-30,'001001,'100001,'111110,'001110,'100110,'110011,'100011,'011101,'110101,'000101,'101000,'110000,'000000,'101111,'110111,'101010,'010010,'111100,'101100,'010100,'111001,'001001,'100001,'111110,'001110
5,-25,'100101,'111001,'001001,'100001,'011110,'011011,'110011,'000011,'011101,'110101,'011000,'110000,'000000,'101111,'010111,'010010,'000010,'101100,'010100,'111000,'010001,'111110,'001110,'100110,'111010
5,-20,'111101,'001101,'100101,'011001,'110001,'100111,'011011,'110011,'000011,'101101,'011000,'110000,'000000,'101111,'010111,'000010,'101100,'010100,'111000,'001000,'101110,'010110,'111010,'001010,'100010
5,-15,'101011,'010011,'111101,'001101,'100101,'001111,'100111,'011011,'110011,'000011,'011000,'110000,'000000,'101111,'010111,'101100,'010100,'111000,'001000,'100000,'111010,'001010,'100010,'011100,'110100
5,-10,'110111,'111011,'001011,'100011,'011101,'111111,'001111,'100111,'011011,'010011,'011000,'110000,'000000,'101111,'010111,'010100,'111000,'001000,'100000,'011111,'010010,'111100,'001100,'100100,'101000
5,-5,'000000,'101111,'010111,'111011,'001011,'010000,'111111,'001111,'000111,'101011,'011000,'110000,'000000,'101111,'010111,'000100,'001000,'100000,'011111,'110111,'001100,'100100,'011000,'110000,'000000
5,0,'011000,'110000,'000000,'101111,'010111,'101000,'010000,'011111,'110111,'000111,'011000,'110000,'000000,'101111,'010111,'101000,'010000,'011111,'110111,'000111,'011000,'110000,'000000,'101111,'010111
5,5,'001100,'100100,'011000,'110000,'000000,'000100,'001000,'100000,'011111,'110111,'011000,'110000,'000000,'101111,'010111,'010000,'111111,'001111,'000111,'101011,'000000,'101111,'010111,'111011,'001011
5,10,'010010,'111100,'001100,'100100,'101000,'010100,'111000,'001000,'100000,'011111,'011000,'110000,'000000,'101111,'010111,'111111,'001111,'100111,'011011,'010011,'110111,'111011,'001011,'100011,'011101
5,15,'111010,'001010,'100010,'011100,'110100,'101100,'010100,'111000,'001000,'100000,'011000,'110000,'000000,'101111,'010111,'001111,'100111,'011011,'110011,'000011,'101011,'010011,'111101,'001101,'100101
5,20,'101110,'010110,'111010,'001010,'100010,'000010,'101100,'010100,'111000,'001000,'011000,'110000,'000000,'101111,'010111,'100111,'011011,'110011,'000011,'101101,'111101,'001101,'100101,'011001,'110001
5,25,'010001,'111110,'001110,'100110,'111010,'010010,'000010,'101100,'010100,'111000,'011000,'110000,'000000,'101111,'010111,'011011,'110011,'000011,'011101,'110101,'100101,'111001,'001001,'100001,'011110
5,30,'111001,'001001,'100001,'111110,'001110,'101010,'010010,'111100,'101100,'010100,'101000,'110000,'000000,'101111,'110111,'110011,'100011,'011101,'110101,'000101,'001001,'100001,'111110,'001110,'100110
5,35,'001101,'100101,'011001,'001001,'100001,'111010,'001010,'010010,'111100,'101100,'101000,'110000,'000000,'101111,'110111,'100011,'011101,'001101,'100101,'011001,'111110,'001110,'010110,'111010,'001010
5,40,'000011,'101101,'110101,'100101,'011001,'100110,'111010,'001010,'010010,'000010,'101000,'010000,'000000,'011111,'110111,'011101,'001101,'100101,'111001,'001001,'010110,'111010,'101010,'110010,'000010
5,45,'001011,'010011,'111101,'101101,'110101,'110110,'100110,'111010,'001010,'010010,'001000,'010000,'000000,'011111,'001111,'001101,'100101,'111001,'101001,'110001,'101010,'110010,'100010,'011100,'001100
5,50,'111011,'101011,'110011,'100011,'111101,'101110,'110110,'100110,'111010,'101010,'001000,'010000,'000000,'011111,'001111,'100101,'111001,'101001,'110001,'100001,'100010,'111100,'101100,'110100,'100100
10,-50,'101010,'100010,'101100,'100100,'101000,'001101,'000101,'001001,'000001,'001110,'000100,'001000,'000000,'001111,'000111,'000001,'001110,'000110,'001010,'000010,'110111,'111011,'110011,'111101,'110101
10,-45,'010110,'101010,'100010,'001100,'000100,'111101,'110101,'011001,'010001,'101110,'100100,'001000,'000000,'001111,'111011,'011110,'010110,'101010,'100010,'101100,'000111,'001011,'111101,'110101,'011001
10,-40,'111110,'010110,'101010,'000010,'110100,'010011,'101101,'000101,'110001,'111110,'010100,'101000,'000000,'110111,'011011,'101110,'000110,'110010,'011100,'010100,'101011,'000011,'110101,'011001,'100001
10,-35,'001001,'111110,'010110,'001010,'111100,'001011,'111101,'010101,'101001,'000001,'010100,'101000,'000000,'110111,'011011,'110110,'011010,'100010,'001100,'011000,'100011,'001101,'011001,'100001,'001110
10,-30,'100101,'001001,'111110,'100110,'001010,'111011,'010011,'101101,'111001,'010001,'110100,'101000,'000000,'110111,'101011,'100110,'110010,'011100,'100100,'110000,'001101,'111001,'100001,'001110,'111010
10,-25,'111101,'100101,'001001,'011110,'000110,'010111,'101011,'111101,'100101,'001001,'110100,'011000,'000000,'010111,'101011,'111010,'100010,'110100,'011000,'000000,'000101,'010001,'001110,'111010,'100010
10,-20,'101011,'111101,'100101,'110001,'101110,'101111,'111011,'010011,'001101,'011001,'001100,'011000,'000000,'010111,'001011,'001010,'011100,'100100,'110000,'101111,'110001,'101110,'111010,'100010,'110100
10,-15,'110111,'101011,'111101,'100101,'110001,'000000,'010111,'001011,'011101,'000101,'001100,'011000,'000000,'010111,'001011,'010010,'001100,'011000,'000000,'010111,'101110,'111010,'100010,'110100,'101000
10,-10,'100000,'110111,'001011,'011101,'000101,'110000,'101111,'111011,'100011,'110101,'001100,'011000,'000000,'010111,'001011,'111100,'100100,'110000,'101111,'011011,'000110,'010010,'001100,'101000,'111111
10,-5,'111000,'000000,'010111,'001011,'011101,'011000,'000000,'010111,'001011,'011101,'001100,'011000,'000000,'010111,'001011,'001100,'011000,'000000,'010111,'110011,'010010,'001100,'011000,'000000,'100111
10,0,'001100,'011000,'000000,'010111,'001011,'100100,'110000,'101111,'111011,'000011,'001100,'011000,'000000,'010111,'001011,'100100,'110000,'101111,'111011,'000011,'001100,'011000,'000000,'010111,'001011
10,5,'010010,'001100,'011000,'000000,'100111,'001100,'011000,'000000,'010111,'110011,'001100,'011000,'000000,'010111,'001011,'011000,'000000,'010111,'001011,'011101,'111000,'000000,'010111,'001011,'011101
10,10,'000110,'010010,'001100,'101000,'111111,'111100,'100100,'110000,'101111,'011011,'001100,'011000,'000000,'010111,'001011,'110000,'101111,'111011,'100011,'110101,'100000,'110111,'001011,'011101,'000101
10,15,'101110,'111010,'100010,'110100,'101000,'010010,'001100,'011000,'000000,'010111,'001100,'011000,'000000,'010111,'001011,'000000,'010111,'001011,'011101,'000101,'110111,'101011,'111101,'100101,'110001
10,20,'110001,'101110,'111010,'100010,'110100,'001010,'011100,'100100,'110000,'101111,'001100,'011000,'000000,'010111,'001011,'101111,'111011,'010011,'001101,'011001,'101011,'111101,'100101,'110001,'101110
10,25,'000101,'010001,'001110,'111010,'100010,'111010,'100010,'110100,'011000,'000000,'110100,'011000,'000000,'010111,'101011,'010111,'101011,'111101,'100101,'001001,'111101,'100101,'001001,'011110,'000110
10,30,'001101,'111001,'100001,'001110,'111010,'100110,'110010,'011100,'100100,'110000,'110100,'101000,'000000,'110111,'101011,'111011,'010011,'101101,'111001,'010001,'100101,'001001,'111110,'100110,'001010
10,35,'100011,'001101,'011001,'100001,'001110,'110110,'011010,'100010,'001100,'011000,'010100,'101000,'000000,'110111,'011011,'001011,'111101,'010101,'101001,'000001,'001001,'111110,'010110,'001010,'111100
10,40,'101011,'000011,'110101,'011001,'100001,'101110,'000110,'110010,'011100,'010100,'010100,'101000,'000000,'110111,'011011,'010011,'101101,'000101,'110001,'111110,'111110,'010110,'101010,'000010,'110100
10,45,'000111,'001011,'111101,'110101,'011001,'011110,'010110,'101010,'100010,'101100,'100100,'001000,'000000,'001111,'111011,'111101,'110101,'011001,'010001,'101110,'010110,'101010,'100010,'001100,'000100
10,50,'110111,'111011,'110011,'111101,'110101,'000001,'001110,'000110,'001010,'000010,'000100,'001000,'000000,'001111,'000111,'001101,'000101,'001001,'000001,'001110,'101010,'100010,'101100,'100100,'101000
15,-50,'100110,'110010,'101100,'111000,'100000,'111101,'100101,'110001,'101110,'111010,'001100,'011000,'000000,'010111,'001011,'110001,'101110,'111010,'100010,'110100,'111111,'100111,'110011,'101101,'111001
15,-45,'011110,'111010,'100010,'010100,'001000,'010011,'001101,'101001,'011110,'000110,'101100,'111000,'000000,'100111,'110011,'010001,'110110,'001010,'011100,'111000,'001111,'011011,'111101,'100101,'010001
15,-40,'110001,'001110,'101010,'011100,'111000,'101011,'011101,'111001,'000001,'100110,'011100,'111000,'000000,'100111,'010011,'000001,'100110,'010010,'110100,'001000,'100111,'010011,'110101,'001001,'101110
15,-35,'100101,'100001,'010110,'010010,'010100,'000111,'100011,'100101,'100001,'010110,'111100,'000100,'000000,'000111,'100011,'111110,'111010,'111100,'000100,'000000,'011011,'011101,'011001,'111110,'111010
15,-30,'111101,'111001,'111110,'011010,'011100,'110111,'110011,'110101,'110001,'110110,'000010,'000100,'000000,'000111,'000011,'101110,'101010,'101100,'101000,'101111,'010011,'010101,'100001,'100110,'100010
15,-25,'101011,'001101,'001001,'110110,'110010,'111111,'011011,'011101,'101001,'101110,'100010,'000100,'000000,'000111,'111101,'110110,'010010,'010100,'100000,'100111,'101101,'101001,'001110,'001010,'110100
15,-20,'110111,'010011,'100101,'000001,'000110,'010000,'100111,'000011,'111001,'111110,'100010,'100100,'000000,'111011,'111101,'100110,'000010,'111000,'011111,'011011,'000101,'000001,'111010,'011100,'101000
15,-15,'100000,'000111,'111101,'011001,'101110,'101000,'001111,'110011,'010101,'100001,'010010,'100100,'000000,'111011,'011101,'011010,'101100,'001000,'110111,'010011,'110001,'010110,'100010,'000100,'111111
15,-10,'111000,'011111,'001011,'110101,'010001,'000100,'111111,'011011,'001101,'110001,'010010,'100100,'000000,'111011,'011101,'001010,'010100,'100000,'000111,'111101,'011110,'101010,'001100,'010000,'100111
15,-5,'101100,'110000,'010111,'100011,'000101,'110100,'010000,'000111,'111101,'011001,'110010,'100100,'000000,'111011,'101101,'100010,'000100,'011111,'101011,'001101,'000110,'111100,'011000,'101111,'110011
15,0,'110010,'100100,'000000,'111011,'101101,'011100,'101000,'110111,'010011,'100101,'110010,'100100,'000000,'111011,'101101,'011100,'101000,'110111,'010011,'100101,'110010,'100100,'000000,'111011,'101101
15,5,'000110,'111100,'011000,'101111,'110011,'100010,'000100,'011111,'101011,'001101,'110010,'100100,'000000,'111011,'101101,'110100,'010000,'000111,'111101,'011001,'101100,'110000,'010111,'100011,'000101
15,10,'011110,'101010,'001100,'010000,'100111,'001010,'010100,'100000,'000111,'111101,'010010,'100100,'000000,'111011,'011101,'000100,'111111,'011011,'001101,'110001,'111000,'011111,'001011,'110101,'010001
15,15,'110001,'010110,'100010,'000100,'111111,'011010,'101100,'001000,'110111,'010011,'010010,'100100,'000000,'111011,'011101,'101000,'001111,'110011,'010101,'100001,'100000,'000111,'111101,'011001,'101110
15,20,'000101,'000001,'111010,'011100,'101000,'100110,'000010,'111000,'011111,'011011,'100010,'100100,'000000,'111011,'111101,'010000,'100111,'000011,'111001,'111110,'110111,'010011,'100101,'000001,'000110
15,25,'101101,'101001,'001110,'001010,'110100,'110110,'010010,'010100,'100000,'100111,'100010,'000100,'000000,'000111,'111101,'111111,'011011,'011101,'101001,'101110,'101011,'001101,'001001,'110110,'110010
15,30,'010011,'010101,'100001,'100110,'100010,'101110,'101010,'101100,'101000,'101111,'000010,'000100,'000000,'000111,'000011,'110111,'110011,'110101,'110001,'110110,'111101,'111001,'111110,'011010,'011100
15,35,'011011,'011101,'011001,'111110,'111010,'111110,'111010,'111100,'000100,'000000,'111100,'000100,'000000,'000111,'100011,'000111,'100011,'100101,'100001,'010110,'100101,'100001,'010110,'010010,'010100
15,40,'100111,'010011,'110101,'001001,'101110,'000001,'100110,'010010,'110100,'001000,'011100,'111000,'000000,'100111,'010011,'101011,'011101,'111001,'000001,'100110,'110001,'001110,'101010,'011100,'111000
15,45,'001111,'011011,'111101,'100101,'010001,'010001,'110110,'001010,'011100,'111000,'101100,'111000,'000000,'100111,'110011,'010011,'001101,'101001,'011110,'000110,'011110,'111010,'100010,'010100,'001000
15,50,'111111,'100111,'110011,'101101,'111001,'110001,'101110,'111010,'100010,'110100,'001100,'011000,'000000,'010111,'001011,'111101,'100101,'110001,'101110,'111010,'100110,'110010,'101100,'111000,'100000
20,-50,'101110,'101010,'101100,'101000,'101111,'010011,'010101,'010001,'110110,'110010,'000010,'000100,'000000,'000111,'000011,'101001,'011110,'011010,'011100,'011000,'110000,'110111,'110011,'110101,'110001
20,-45,'010001,'100110,'100010,'000100,'111111,'101011,'101101,'001001,'110110,'110010,'100010,'100100,'000000,'111011,'111101,'101001,'001110,'110010,'110100,'010000,'100000,'000111,'111101,'111001,'011110
20,-40,'000101,'011110,'101010,'001100,'010000,'100111,'111101,'011001,'001110,'110010,'110010,'100100,'000000,'111011,'101101,'001001,'010110,'100010,'111000,'011111,'011111,'001011,'110101,'010001,'000110
20,-35,'011101,'001001,'010110,'000010,'101000,'001111,'010011,'000101,'011110,'001010,'001010,'010100,'000000,'011011,'001101,'010001,'000110,'011100,'001000,'010111,'110111,'000011,'011001,'001110,'010010
20,-30,'001011,'100101,'111110,'001010,'100100,'111111,'101011,'010101,'111110,'101010,'101010,'110100,'000000,'101011,'110101,'100001,'011010,'110100,'100000,'011011,'111011,'001101,'100001,'111010,'001100
20,-25,'010111,'111101,'001001,'100110,'101100,'110000,'111011,'001101,'100001,'011010,'011010,'110100,'000000,'101011,'010101,'111110,'001010,'100100,'101111,'010011,'110011,'111001,'001110,'100010,'011000
20,-20,'000000,'101011,'100101,'011110,'010010,'011000,'010111,'111101,'110001,'000110,'111010,'001100,'000000,'001011,'100101,'101110,'100010,'011000,'010111,'111101,'011101,'010001,'111010,'110100,'000000
20,-15,'011000,'110111,'111101,'110001,'111010,'100100,'101111,'100011,'011001,'010110,'000110,'001100,'000000,'001011,'000101,'010110,'111100,'110000,'111011,'110101,'100101,'101110,'100010,'101000,'010111
20,-10,'101100,'000000,'001011,'000101,'001110,'001100,'000000,'001011,'000101,'001110,'000110,'001100,'000000,'001011,'000101,'000110,'001100,'000000,'001011,'000101,'001001,'000110,'001100,'000000,'110011
20,-5,'110010,'011000,'010111,'011101,'010001,'111100,'110000,'111011,'110101,'011110,'100110,'001100,'000000,'001011,'111001,'101010,'100100,'101111,'100011,'001001,'011110,'010010,'011000,'010111,'101101
20,0,'100110,'001100,'000000,'001011,'111001,'010010,'011000,'010111,'011101,'100001,'100110,'001100,'000000,'001011,'111001,'010010,'011000,'010111,'011101,'100001,'100110,'001100,'000000,'001011,'111001
20,5,'011110,'010010,'011000,'010111,'101101,'101010,'100100,'101111,'100011,'001001,'100110,'001100,'000000,'001011,'111001,'111100,'110000,'111011,'110101,'011110,'110010,'011000,'010111,'011101,'010001
20,10,'001001,'000110,'001100,'000000,'110011,'000110,'001100,'000000,'001011,'000101,'000110,'001100,'000000,'001011,'000101,'001100,'000000,'001011,'000101,'001110,'101100,'000000,'001011,'000101,'001110
20,15,'100101,'101110,'100010,'101000,'010111,'010110,'111100,'110000,'111011,'110101,'000110,'001100,'000000,'001011,'000101,'100100,'101111,'100011,'011001,'010110,'011000,'110111,'111101,'110001,'111010
20,20,'011101,'010001,'111010,'110100,'000000,'101110,'100010,'011000,'010111,'111101,'111010,'001100,'000000,'001011,'100101,'011000,'010111,'111101,'110001,'000110,'000000,'101011,'100101,'011110,'010010
20,25,'110011,'111001,'001110,'100010,'011000,'111110,'001010,'100100,'101111,'010011,'011010,'110100,'000000,'101011,'010101,'110000,'111011,'001101,'100001,'011010,'010111,'111101,'001001,'100110,'101100
20,30,'111011,'001101,'100001,'111010,'001100,'100001,'011010,'110100,'100000,'011011,'101010,'110100,'000000,'101011,'110101,'111111,'101011,'010101,'111110,'101010,'001011,'100101,'111110,'001010,'100100
20,35,'110111,'000011,'011001,'001110,'010010,'010001,'000110,'011100,'001000,'010111,'001010,'010100,'000000,'011011,'001101,'001111,'010011,'000101,'011110,'001010,'011101,'001001,'010110,'000010,'101000
20,40,'011111,'001011,'110101,'010001,'000110,'001001,'010110,'100010,'111000,'011111,'110010,'100100,'000000,'111011,'101101,'100111,'111101,'011001,'001110,'110010,'000101,'011110,'101010,'001100,'010000
20,45,'100000,'000111,'111101,'111001,'011110,'101001,'001110,'110010,'110100,'010000,'100010,'100100,'000000,'111011,'111101,'101011,'101101,'001001,'110110,'110010,'010001,'100110,'100010,'000100,'111111
20,50,'110000,'110111,'110011,'110101,'110001,'101001,'011110,'011010,'011100,'011000,'000010,'000100,'000000,'000111,'000011,'010011,'010101,'010001,'110110,'110010,'101110,'101010,'101100,'101000,'101111
25,-50,'000001,'111010,'101100,'110000,'100111,'101011,'110101,'100001,'000110,'011100,'001010,'010100,'000000,'011011,'001101,'000101,'111110,'101010,'110100,'100000,'111000,'101111,'110011,'100101,'000001
25,-45,'011001,'110110,'100010,'011000,'110111,'000111,'011101,'110001,'000110,'101100,'011010,'110100,'000000,'101011,'010101,'000101,'101110,'010010,'000100,'101111,'101000,'010111,'111101,'101001,'010110
25,-40,'001101,'100001,'101010,'100100,'011111,'001111,'000011,'101001,'100110,'101100,'111010,'001100,'000000,'001011,'100101,'111001,'110110,'000010,'001000,'000111,'010000,'111011,'110101,'111110,'001010
25,-35,'110011,'011001,'010110,'101100,'100000,'111111,'110011,'111001,'010110,'011100,'100110,'001100,'000000,'001011,'111001,'011001,'100110,'101100,'100000,'001011,'111111,'110011,'011001,'010110,'101100
25,-30,'100111,'001101,'111110,'100010,'001000,'110000,'011011,'100101,'001110,'011100,'010110,'101100,'000000,'110011,'011001,'001001,'111010,'010100,'101111,'000011,'001111,'111101,'100001,'001010,'111000
25,-25,'111111,'100011,'001001,'011010,'000100,'111000,'100111,'110101,'101110,'111100,'001110,'011100,'000000,'010011,'001001,'110001,'101010,'111000,'100111,'001101,'000111,'010101,'001110,'111100,'100000
25,-20,'011000,'111011,'100101,'110110,'101100,'010100,'001111,'101101,'111110,'100010,'101110,'011100,'000000,'010011,'110001,'100001,'110010,'001000,'011011,'000101,'110011,'101001,'111010,'100100,'010111
25,-15,'001100,'101111,'111101,'000001,'100010,'101100,'111111,'000011,'100001,'110010,'101110,'111100,'000000,'100011,'110001,'111110,'000010,'100000,'110011,'001001,'111101,'000001,'100010,'110000,'001011
25,-10,'010010,'110000,'001011,'101001,'011010,'100010,'010000,'110011,'001001,'101010,'011110,'111100,'000000,'100011,'010001,'001110,'101100,'011111,'111101,'000001,'010101,'110110,'001100,'101111,'011101
25,-5,'000110,'100100,'010111,'110101,'001110,'001010,'101000,'011011,'011001,'111010,'011110,'111100,'000000,'100011,'010001,'010110,'010100,'110111,'001101,'101110,'001001,'101010,'011000,'111011,'000101
25,0,'011110,'111100,'000000,'100011,'010001,'111010,'000100,'000111,'100101,'010110,'011110,'111100,'000000,'100011,'010001,'111010,'000100,'000111,'100101,'010110,'011110,'111100,'000000,'100011,'010001
25,5,'001001,'101010,'011000,'111011,'000101,'010110,'010100,'110111,'001101,'101110,'011110,'111100,'000000,'100011,'010001,'001010,'101000,'011011,'011001,'111010,'000110,'100100,'010111,'110101,'001110
25,10,'010101,'110110,'001100,'101111,'011101,'001110,'101100,'011111,'111101,'000001,'011110,'111100,'000000,'100011,'010001,'100010,'010000,'110011,'001001,'101010,'010010,'110000,'001011,'101001,'011010
25,15,'111101,'000001,'100010,'110000,'001011,'111110,'000010,'100000,'110011,'001001,'101110,'111100,'000000,'100011,'110001,'101100,'111111,'000011,'100001,'110010,'001100,'101111,'111101,'000001,'100010
25,20,'110011,'101001,'111010,'100100,'010111,'100001,'110010,'001000,'011011,'000101,'101110,'011100,'000000,'010011,'110001,'010100,'001111,'101101,'111110,'100010,'011000,'111011,'100101,'110110,'101100
25,25,'000111,'010101,'001110,'111100,'100000,'110001,'101010,'111000,'100111,'001101,'001110,'011100,'000000,'010011,'001001,'111000,'100111,'110101,'101110,'111100,'111111,'100011,'001001,'011010,'000100
25,30,'001111,'111101,'100001,'001010,'111000,'001001,'111010,'010100,'101111,'000011,'010110,'101100,'000000,'110011,'011001,'110000,'011011,'100101,'001110,'011100,'100111,'001101,'111110,'100010,'001000
25,35,'111111,'110011,'011001,'010110,'101100,'011001,'100110,'101100,'100000,'001011,'100110,'001100,'000000,'001011,'111001,'111111,'110011,'111001,'010110,'011100,'110011,'011001,'010110,'101100,'100000
25,40,'010000,'111011,'110101,'111110,'001010,'111001,'110110,'000010,'001000,'000111,'111010,'001100,'000000,'001011,'100101,'001111,'000011,'101001,'100110,'101100,'001101,'100001,'101010,'100100,'011111
25,45,'101000,'010111,'111101,'101001,'010110,'000101,'101110,'010010,'000100,'101111,'011010,'110100,'000000,'101011,'010101,'000111,'011101,'110001,'000110,'101100,'011001,'110110,'100010,'011000,'110111
25,50,'111000,'101111,'110011,'100101,'000001,'000101,'111110,'101010,'110100,'100000,'001010,'010100,'000000,'011011,'001101,'101011,'110101,'100001,'000110,'011100,'000001,'111010,'101100,'110000,'100111
30,-50,'001001,'000110,'101100,'100000,'011011,'000111,'001101,'100001,'101010,'100100,'111010,'001100,'000000,'001011,'100101,'110101,'111110,'001010,'000100,'101111,'010100,'111111,'110011,'000101,'001110
30,-45,'010101,'101110,'100010,'001000,'111011,'110111,'111101,'010001,'101010,'100100,'100110,'101100,'000000,'110011,'111001,'110101,'011110,'100010,'101000,'000111,'100100,'001111,'111101,'110001,'011010
30,-40,'100011,'110001,'101010,'111000,'100111,'111111,'100011,'001001,'011010,'000100,'001110,'011100,'000000,'010011,'001001,'010101,'001110,'111100,'100000,'110011,'111000,'100111,'110101,'101110,'111100
30,-35,'111011,'000101,'010110,'110100,'001111,'110000,'001011,'101001,'111010,'000100,'101110,'111100,'000000,'100011,'110001,'100101,'110110,'001100,'101111,'011101,'001000,'101011,'011001,'000110,'100100
30,-30,'011111,'011101,'111110,'111100,'111111,'111000,'111011,'111001,'000110,'000100,'111110,'000010,'000000,'000011,'100001,'000101,'100110,'100100,'100111,'010101,'100000,'100011,'100001,'010010,'010000
30,-25,'001000,'001011,'001001,'110010,'110000,'010100,'010111,'010101,'100110,'100100,'100001,'000010,'000000,'000011,'111110,'111001,'011010,'011000,'011011,'101001,'101111,'101101,'001110,'001100,'001111
30,-20,'110100,'010111,'100101,'000110,'111000,'011100,'101111,'001101,'110110,'010100,'010001,'100010,'000000,'111101,'011110,'101001,'001010,'110000,'010011,'100001,'100111,'000101,'111010,'011000,'101011
30,-15,'100010,'000000,'111101,'101110,'001100,'100010,'000000,'111101,'101110,'001100,'110001,'100010,'000000,'111101,'101110,'110001,'100010,'000000,'111101,'101110,'001011,'110001,'100010,'000000,'111101
30,-10,'000110,'011000,'001011,'110001,'100010,'101010,'110000,'100011,'000001,'011100,'110001,'010010,'000000,'011101,'101110,'000001,'111100,'101111,'110101,'010110,'111101,'101110,'001100,'010111,'000101
30,-5,'011110,'001100,'010111,'000101,'011010,'000110,'011000,'001011,'010001,'000010,'001001,'010010,'000000,'011101,'001110,'011110,'001100,'010111,'000101,'011010,'010101,'000110,'011000,'001011,'010001
30,0,'001001,'010010,'000000,'011101,'001110,'110110,'100100,'111011,'101001,'110010,'001001,'010010,'000000,'011101,'001110,'110110,'100100,'111011,'101001,'110010,'001001,'010010,'000000,'011101,'001110
30,5,'010101,'000110,'011000,'001011,'010001,'011110,'001100,'010111,'000101,'011010,'001001,'010010,'000000,'011101,'001110,'000110,'011000,'001011,'010001,'000010,'011110,'001100,'010111,'000101,'011010
30,10,'111101,'101110,'001100,'010111,'000101,'000001,'111100,'101111,'110101,'010110,'110001,'010010,'000000,'011101,'101110,'101010,'110000,'100011,'000001,'011100,'000110,'011000,'001011,'110001,'100010
30,15,'001011,'110001,'100010,'000000,'111101,'110001,'100010,'000000,'111101,'101110,'110001,'100010,'000000,'111101,'101110,'100010,'000000,'111101,'101110,'001100,'100010,'000000,'111101,'101110,'001100
30,20,'100111,'000101,'111010,'011000,'101011,'101001,'001010,'110000,'010011,'100001,'010001,'100010,'000000,'111101,'011110,'011100,'101111,'001101,'110110,'010100,'110100,'010111,'100101,'000110,'111000
30,25,'101111,'101101,'001110,'001100,'001111,'111001,'011010,'011000,'011011,'101001,'100001,'000010,'000000,'000011,'111110,'010100,'010111,'010101,'100110,'100100,'001000,'001011,'001001,'110010,'110000
30,30,'100000,'100011,'100001,'010010,'010000,'000101,'100110,'100100,'100111,'010101,'111110,'000010,'000000,'000011,'100001,'111000,'111011,'111001,'000110,'000100,'011111,'011101,'111110,'111100,'111111
30,35,'001000,'101011,'011001,'000110,'100100,'100101,'110110,'001100,'101111,'011101,'101110,'111100,'000000,'100011,'110001,'110000,'001011,'101001,'111010,'000100,'111011,'000101,'010110,'110100,'001111
30,40,'111000,'100111,'110101,'101110,'111100,'010101,'001110,'111100,'100000,'110011,'001110,'011100,'000000,'010011,'001001,'111111,'100011,'001001,'011010,'000100,'100011,'110001,'101010,'111000,'100111
30,45,'100100,'001111,'111101,'110001,'011010,'110101,'011110,'100010,'101000,'000111,'100110,'101100,'000000,'110011,'111001,'110111,'111101,'010001,'101010,'100100,'010101,'101110,'100010,'001000,'111011
30,50,'010100,'111111,'110011,'000101,'001110,'110101,'111110,'001010,'000100,'101111,'111010,'001100,'000000,'001011,'100101,'000111,'001101,'100001,'101010,'100100,'001001,'000110,'101100,'100000,'011011
35,-50,'111001,'010110,'101100,'111111,'010011,'010111,'101101,'000001,'010010,'101000,'110110,'101100,'000000,'110011,'101001,'011101,'000001,'110010,'011000,'000111,'011100,'100000,'110011,'011001,'100110
35,-45,'011101,'111110,'100010,'010000,'110011,'011111,'000011,'100001,'010010,'001000,'101110,'111100,'000000,'100011,'110001,'011101,'111110,'000010,'010000,'110011,'101100,'011111,'111101,'100001,'010010
35,-40,'101011,'101001,'101010,'101000,'101011,'010000,'010011,'110001,'110010,'110000,'000001,'000010,'000000,'000011,'000001,'101101,'101110,'011100,'011111,'011101,'110100,'110111,'110101,'110110,'110100
35,-35,'110111,'110101,'010110,'100100,'000111,'011000,'101011,'001001,'110010,'110000,'010001,'100010,'000000,'111101,'011110,'101101,'001110,'110100,'010111,'100101,'000100,'111011,'011001,'101010,'101000
35,-30,'010000,'000011,'111110,'101100,'110111,'010100,'000111,'011001,'001010,'110000,'001001,'010010,'000000,'011101,'001110,'001101,'010110,'000100,'011011,'001001,'101000,'110011,'100001,'000010,'011111
35,-25,'100100,'011011,'001001,'100010,'011111,'011100,'110111,'100101,'011010,'110000,'101001,'110010,'000000,'101101,'110110,'010101,'111010,'101000,'010011,'111110,'010000,'111101,'001110,'010100,'111011
35,-20,'000010,'101111,'100101,'011010,'010000,'010010,'011111,'110101,'111010,'001000,'111001,'110010,'000000,'101101,'100110,'100101,'101010,'010000,'011101,'110110,'011111,'010101,'111010,'110000,'000011
35,-15,'111010,'110000,'111101,'110110,'111000,'101010,'100000,'101101,'100110,'011000,'000101,'001010,'000000,'001101,'000110,'111001,'110010,'111111,'110101,'111010,'100111,'101001,'100010,'101111,'100101
35,-10,'101110,'100100,'001011,'000001,'001100,'100110,'001000,'000011,'001110,'111000,'100101,'001010,'000000,'001101,'111010,'001001,'000010,'001111,'111001,'110010,'001011,'000001,'001100,'111011,'110001
35,-5,'110001,'111100,'010111,'011001,'100010,'001110,'111000,'110011,'011110,'010100,'100101,'101010,'000000,'110101,'111010,'010001,'101100,'100111,'001001,'000010,'111101,'010110,'011000,'100011,'101110
35,0,'100101,'101010,'000000,'110101,'111010,'111110,'010100,'011011,'100001,'001100,'100101,'101010,'000000,'110101,'111010,'111110,'010100,'011011,'100001,'001100,'100101,'101010,'000000,'110101,'111010
35,5,'111101,'010110,'011000,'100011,'101110,'010001,'101100,'100111,'001001,'000010,'100101,'101010,'000000,'110101,'111010,'001110,'111000,'110011,'011110,'010100,'110001,'111100,'010111,'011001,'100010
35,10,'001011,'000001,'001100,'111011,'110001,'001001,'000010,'001111,'111001,'110010,'100101,'001010,'000000,'001101,'111010,'100110,'001000,'000011,'001110,'111000,'101110,'100100,'001011,'000001,'001100
35,15,'100111,'101001,'100010,'101111,'100101,'111001,'110010,'111111,'110101,'111010,'000101,'001010,'000000,'001101,'000110,'101010,'100000,'101101,'100110,'011000,'111010,'110000,'111101,'110110,'111000
35,20,'011111,'010101,'111010,'110000,'000011,'100101,'101010,'010000,'011101,'110110,'111001,'110010,'000000,'101101,'100110,'010010,'011111,'110101,'111010,'001000,'000010,'101111,'100101,'011010,'010000
35,25,'010000,'111101,'001110,'010100,'111011,'010101,'111010,'101000,'010011,'111110,'101001,'110010,'000000,'101101,'110110,'011100,'110111,'100101,'011010,'110000,'100100,'011011,'001001,'100010,'011111
35,30,'101000,'110011,'100001,'000010,'011111,'001101,'010110,'000100,'011011,'001001,'001001,'010010,'000000,'011101,'001110,'010100,'000111,'011001,'001010,'110000,'010000,'000011,'111110,'101100,'110111
35,35,'000100,'111011,'011001,'101010,'101000,'101101,'001110,'110100,'010111,'100101,'010001,'100010,'000000,'111101,'011110,'011000,'101011,'001001,'110010,'110000,'110111,'110101,'010110,'100100,'000111
35,40,'110100,'110111,'110101,'110110,'110100,'101101,'101110,'011100,'011111,'011101,'000001,'000010,'000000,'000011,'000001,'010000,'010011,'110001,'110010,'110000,'101011,'101001,'101010,'101000,'101011
35,45,'101100,'011111,'111101,'100001,'010010,'011101,'111110,'000010,'010000,'110011,'101110,'111100,'000000,'100011,'110001,'011111,'000011,'100001,'010010,'001000,'011101,'111110,'100010,'010000,'110011
35,50,'011100,'100000,'110011,'011001,'100110,'011101,'000001,'110010,'011000,'000111,'110110,'101100,'000000,'110011,'101001,'010111,'101101,'000001,'010010,'101000,'111001,'010110,'101100,'111111,'010011
40,-50,'010101,'001110,'101100,'011111,'111101,'101111,'011101,'111110,'000010,'100000,'011110,'111100,'000000,'100011,'010001,'000011,'100001,'010010,'110000,'001011,'100010,'010000,'110011,'001001,'011010
40,-45,'100011,'100001,'100010,'000000,'000011,'100000,'100011,'000001,'000010,'111111,'100001,'000010,'000000,'000011,'111110,'000011,'000001,'111100,'111111,'111101,'000010,'000000,'111101,'111110,'111100
40,-40,'000111,'111001,'101010,'110000,'010011,'101000,'110011,'010001,'000010,'011111,'110001,'010010,'000000,'011101,'101110,'000011,'011110,'101100,'110111,'100101,'011100,'101111,'110101,'100110,'000100
40,-35,'111111,'101101,'010110,'111000,'001011,'100100,'011011,'110001,'000010,'101111,'011001,'110010,'000000,'101101,'010110,'000011,'101110,'010100,'111011,'001001,'001100,'100111,'011001,'110010,'100000
40,-30,'111000,'110011,'111110,'110100,'011011,'101100,'100111,'101001,'100010,'101111,'000101,'001010,'000000,'001101,'000110,'111101,'110110,'111000,'110011,'111110,'010100,'101011,'100001,'101100,'100111
40,-25,'011100,'100111,'001001,'111100,'010111,'100010,'001111,'111001,'010010,'101111,'010101,'101010,'000000,'110101,'011010,'011101,'100110,'001000,'111101,'010110,'011000,'100011,'001110,'111000,'010011
40,-20,'101010,'111111,'100101,'110010,'011111,'101010,'111111,'010101,'001010,'011111,'110101,'011010,'000000,'010101,'101010,'001101,'011010,'100000,'110101,'101010,'010000,'101101,'111010,'100000,'110101
40,-15,'110110,'101000,'111101,'000110,'010000,'100110,'110000,'001101,'011010,'111111,'101101,'011010,'000000,'010101,'110010,'010101,'001010,'101111,'111001,'100010,'011111,'000101,'100010,'110111,'101001
40,-10,'010001,'110100,'001011,'011110,'111000,'001110,'011000,'111101,'000110,'100000,'011101,'111010,'000000,'100101,'010010,'000101,'100010,'010111,'001001,'101100,'100111,'010001,'001100,'101011,'011110
40,-5,'000101,'100010,'010111,'110001,'001100,'000001,'100100,'010011,'110110,'110000,'011101,'111010,'000000,'100101,'010010,'101001,'011100,'111011,'000001,'100100,'001011,'101110,'011000,'111101,'000110
40,0,'011101,'111010,'000000,'100101,'010010,'110001,'001100,'001011,'101110,'011000,'011101,'111010,'000000,'100101,'010010,'110001,'001100,'001011,'101110,'011000,'011101,'111010,'000000,'100101,'010010
40,5,'001011,'101110,'011000,'111101,'000110,'101001,'011100,'111011,'000001,'100100,'011101,'111010,'000000,'100101,'010010,'000001,'100100,'010011,'110110,'110000,'000101,'100010,'010111,'110001,'001100
40,10,'100111,'010001,'001100,'101011,'011110,'000101,'100010,'010111,'001001,'101100,'011101,'111010,'000000,'100101,'010010,'001110,'011000,'111101,'000110,'100000,'010001,'110100,'001011,'011110,'111000
40,15,'011111,'000101,'100010,'110111,'101001,'010101,'001010,'101111,'111001,'100010,'101101,'011010,'000000,'010101,'110010,'100110,'110000,'001101,'011010,'111111,'110110,'101000,'111101,'000110,'010000
40,20,'010000,'101101,'111010,'100000,'110101,'001101,'011010,'100000,'110101,'101010,'110101,'011010,'000000,'010101,'101010,'101010,'111111,'010101,'001010,'011111,'101010,'111111,'100101,'110010,'011111
40,25,'011000,'100011,'001110,'111000,'010011,'011101,'100110,'001000,'111101,'010110,'010101,'101010,'000000,'110101,'011010,'100010,'001111,'111001,'010010,'101111,'011100,'100111,'001001,'111100,'010111
40,30,'010100,'101011,'100001,'101100,'100111,'111101,'110110,'111000,'110011,'111110,'000101,'001010,'000000,'001101,'000110,'101100,'100111,'101001,'100010,'101111,'111000,'110011,'111110,'110100,'011011
40,35,'001100,'100111,'011001,'110010,'100000,'000011,'101110,'010100,'111011,'001001,'011001,'110010,'000000,'101101,'010110,'100100,'011011,'110001,'000010,'101111,'111111,'101101,'010110,'111000,'001011
40,40,'011100,'101111,'110101,'100110,'000100,'000011,'011110,'101100,'110111,'100101,'110001,'010010,'000000,'011101,'101110,'101000,'110011,'010001,'000010,'011111,'000111,'111001,'101010,'110000,'010011
40,45,'000010,'000000,'111101,'111110,'111100,'000011,'000001,'111100,'111111,'111101,'100001,'000010,'000000,'000011,'111110,'100000,'100011,'000001,'000010,'111111,'100011,'100001,'100010,'000000,'000011
40,50,'100010,'010000,'110011,'001001,'011010,'000011,'100001,'010010,'110000,'001011,'011110,'111100,'000000,'100011,'010001,'101111,'011101,'111110,'000010,'100000,'010101,'001110,'101100,'011111,'111101
45,-50,'101101,'101110,'101100,'001111,'001101,'111111,'111101,'011110,'011100,'101111,'100001,'000010,'000000,'000011,'111110,'010011,'010001,'100010,'100000,'100011,'001010,'001000,'110011,'110001,'110010
45,-45,'101011,'110001,'100010,'111111,'101101,'110000,'100011,'111110,'101100,'110111,'001001,'010010,'000000,'011101,'001110,'110011,'100001,'111100,'101111,'110101,'110010,'100000,'111101,'101110,'110100
45,-40,'001111,'000101,'101010,'100000,'011101,'000100,'001011,'100001,'101100,'010111,'111001,'110010,'000000,'101101,'100110,'110011,'111110,'001100,'000111,'101001,'010010,'111111,'110101,'000110,'001000
45,-35,'110000,'011101,'010110,'101000,'000011,'001100,'111011,'010001,'011100,'100111,'010101,'101010,'000000,'110101,'011010,'010011,'011110,'100100,'001011,'111110,'000010,'110111,'011001,'010010,'101111
45,-30,'110100,'101011,'111110,'100100,'010011,'000010,'010111,'001001,'011100,'000111,'001101,'011010,'000000,'010101,'001010,'010011,'001110,'011000,'000011,'010110,'011100,'111011,'100001,'110100,'101011
45,-25,'010010,'110111,'001001,'101100,'011011,'001010,'101111,'011001,'111100,'000111,'011101,'111010,'000000,'100101,'010010,'100011,'010110,'110000,'001101,'101010,'010100,'110011,'001110,'101000,'011101
45,-20,'100110,'100000,'100101,'100010,'100111,'000110,'100000,'100101,'100010,'100111,'000011,'000110,'000000,'000101,'000010,'111101,'111010,'111111,'000101,'000010,'111000,'111101,'111010,'111111,'111001
45,-15,'000001,'111000,'111101,'011010,'011111,'001110,'001000,'110101,'010010,'010111,'100011,'100110,'000000,'111001,'111100,'011101,'101010,'001111,'001001,'110100,'010000,'010101,'100010,'100111,'000001
45,-10,'011001,'101100,'001011,'110110,'010000,'000001,'111000,'011101,'101010,'001111,'010011,'100110,'000000,'111001,'011100,'110101,'010010,'100111,'000001,'111000,'011111,'101001,'001100,'110011,'010110
45,-5,'101101,'001010,'010111,'100001,'111000,'110001,'010100,'000011,'111010,'011111,'110011,'100110,'000000,'111001,'101100,'100101,'000010,'011011,'101110,'001000,'100111,'111110,'011000,'001101,'110010
45,0,'110011,'100110,'000000,'111001,'101100,'011001,'101100,'110011,'010110,'000000,'110011,'100110,'000000,'111001,'101100,'011001,'101100,'110011,'010110,'000000,'110011,'100110,'000000,'111001,'101100
45,5,'100111,'111110,'011000,'001101,'110010,'100101,'000010,'011011,'101110,'001000,'110011,'100110,'000000,'111001,'101100,'110001,'010100,'000011,'111010,'011111,'101101,'001010,'010111,'100001,'111000
45,10,'011111,'101001,'001100,'110011,'010110,'110101,'010010,'100111,'000001,'111000,'010011,'100110,'000000,'111001,'011100,'000001,'111000,'011101,'101010,'001111,'011001,'101100,'001011,'110110,'010000
45,15,'010000,'010101,'100010,'100111,'000001,'011101,'101010,'001111,'001001,'110100,'100011,'100110,'000000,'111001,'111100,'001110,'001000,'110101,'010010,'010111,'000001,'111000,'111101,'011010,'011111
45,20,'111000,'111101,'111010,'111111,'111001,'111101,'111010,'111111,'000101,'000010,'000011,'000110,'000000,'000101,'000010,'000110,'100000,'100101,'100010,'100111,'100110,'100000,'100101,'100010,'100111
45,25,'010100,'110011,'001110,'101000,'011101,'100011,'010110,'110000,'001101,'101010,'011101,'111010,'000000,'100101,'010010,'001010,'101111,'011001,'111100,'000111,'010010,'110111,'001001,'101100,'011011
45,30,'011100,'111011,'100001,'110100,'101011,'010011,'001110,'011000,'000011,'010110,'001101,'011010,'000000,'010101,'001010,'000010,'010111,'001001,'011100,'000111,'110100,'101011,'111110,'100100,'010011
45,35,'000010,'110111,'011001,'010010,'101111,'010011,'011110,'100100,'001011,'111110,'010101,'101010,'000000,'110101,'011010,'001100,'111011,'010001,'011100,'100111,'110000,'011101,'010110,'101000,'000011
45,40,'010010,'111111,'110101,'000110,'001000,'110011,'111110,'001100,'000111,'101001,'111001,'110010,'000000,'101101,'100110,'000100,'001011,'100001,'101100,'010111,'001111,'000101,'101010,'100000,'011101
45,45,'110010,'100000,'111101,'101110,'110100,'110011,'100001,'111100,'101111,'110101,'001001,'010010,'000000,'011101,'001110,'110000,'100011,'111110,'101100,'110111,'101011,'110001,'100010,'111111,'101101
45,50,'001010,'001000,'110011,'110001,'110010,'010011,'010001,'100010,'100000,'100011,'100001,'000010,'000000,'000011,'111110,'111111,'111101,'011110,'011100,'101111,'101101,'101110,'101100,'001111,'001101
50,-50,'000011,'011110,'101100,'110111,'100101,'100000,'111101,'011110,'001100,'010111,'110001,'010010,'000000,'011101,'101110,'001011,'010001,'100010,'111111,'101101,'111010,'101000,'110011,'010001,'000010
50,-45,'000111,'001001,'100010,'101111,'010101,'011000,'010011,'111110,'110100,'000111,'111001,'110010,'000000,'101101,'100110,'101011,'100001,'011100,'010111,'111001,'011010,'110000,'111101,'001110,'000100
50,-40,'111111,'010101,'101010,'000000,'110101,'010100,'101011,'000001,'110100,'011011,'010101,'101010,'000000,'110101,'011010,'101011,'000001,'110100,'011011,'100001,'101010,'000000,'110101,'011010,'100000
50,-35,'111000,'000011,'010110,'110000,'001101,'111100,'000111,'010001,'110100,'001011,'101101,'111010,'000000,'100101,'110010,'101011,'011110,'000100,'100011,'110110,'001010,'101111,'011001,'000010,'100111
50,-30,'011100,'011011,'111110,'111000,'111101,'110010,'110111,'110001,'110100,'001011,'000011,'000110,'000000,'000101,'000010,'101011,'101110,'101000,'101101,'101010,'100010,'100111,'100001,'010100,'010011
50,-25,'011010,'101111,'001001,'110100,'010011,'111010,'011111,'101001,'001100,'110011,'010011,'100110,'000000,'111001,'011100,'001011,'110110,'010000,'100101,'000010,'011100,'101011,'001110,'110000,'010101
50,-20,'101110,'110000,'100101,'111100,'101011,'110110,'010000,'000101,'011100,'001011,'001011,'010110,'000000,'011001,'001100,'010011,'000110,'011111,'101001,'110100,'110100,'100011,'111010,'101111,'110001
50,-15,'001001,'100100,'111101,'001010,'100111,'111110,'101000,'010101,'111100,'101011,'101011,'110110,'000000,'101001,'110100,'100011,'011010,'110111,'100001,'011000,'111000,'001101,'100010,'111011,'001110
50,-10,'110101,'000010,'001011,'100110,'011111,'110001,'000100,'101101,'100010,'011011,'011011,'110110,'000000,'101001,'010100,'111101,'110010,'000111,'101110,'010000,'010000,'111001,'001100,'000011,'101010
50,-5,'100011,'011010,'010111,'111110,'110000,'011001,'110100,'111101,'001010,'000111,'111011,'110110,'000000,'101001,'100100,'001101,'100010,'101011,'010110,'011111,'101111,'100001,'011000,'010101,'111100
50,0,'111011,'001110,'000000,'001001,'100100,'100101,'011100,'010011,'111010,'110111,'111011,'001110,'000000,'001001,'100100,'100101,'011100,'010011,'111010,'110111,'111011,'001110,'000000,'001001,'100100
50,5,'101111,'100001,'011000,'010101,'111100,'001101,'100010,'101011,'010110,'011111,'111011,'110110,'000000,'101001,'100100,'011001,'110100,'111101,'001010,'000111,'100011,'011010,'010111,'111110,'110000
50,10,'010000,'111001,'001100,'000011,'101010,'111101,'110010,'000111,'101110,'010000,'011011,'110110,'000000,'101001,'010100,'110001,'000100,'101101,'100010,'011011,'110101,'000010,'001011,'100110,'011111
50,15,'111000,'001101,'100010,'111011,'001110,'100011,'011010,'110111,'100001,'011000,'101011,'110110,'000000,'101001,'110100,'111110,'101000,'010101,'111100,'101011,'001001,'100100,'111101,'001010,'100111
50,20,'110100,'100011,'111010,'101111,'110001,'010011,'000110,'011111,'101001,'110100,'001011,'010110,'000000,'011001,'001100,'110110,'010000,'000101,'011100,'001011,'101110,'110000,'100101,'111100,'101011
50,25,'011100,'101011,'001110,'110000,'010101,'001011,'110110,'010000,'100101,'000010,'010011,'100110,'000000,'111001,'011100,'111010,'011111,'101001,'001100,'110011,'011010,'101111,'001001,'110100,'010011
50,30,'100010,'100111,'100001,'010100,'010011,'101011,'101110,'101000,'101101,'101010,'000011,'000110,'000000,'000101,'000010,'110010,'110111,'110001,'110100,'001011,'011100,'011011,'111110,'111000,'111101
50,35,'001010,'101111,'011001,'000010,'100111,'101011,'011110,'000100,'100011,'110110,'101101,'111010,'000000,'100101,'110010,'111100,'000111,'010001,'110100,'001011,'111000,'000011,'010110,'110000,'001101
50,40,'101010,'000000,'110101,'011010,'100000,'101011,'000001,'110100,'011011,'100001,'010101,'101010,'000000,'110101,'011010,'010100,'101011,'000001,'110100,'011011,'111111,'010101,'101010,'000000,'110101
50,45,'011010,'110000,'111101,'001110,'000100,'101011,'100001,'011100,'010111,'111001,'111001,'110010,'000000,'101101,'100110,'011000,'010011,'111110,'110100,'000111,'000111,'001001,'100010,'101111,'010101
50,50,'111010,'101000,'110011,'010001,'000010,'001011,'010001,'100010,'111111,'101101,'110001,'010010,'000000,'011101,'101110,'100000,'111101,'011110,'001100,'010111,'000011,'011110,'101100,'110111,'100101